2025-05-18 22:41:28 [ERROR] uncaughtException: Unexpected identifier 'branch_auth'
Z:\Visual_Codes\jagya_const\backend\models\authModels\branch\index.js:43
      UPDATE branch_auth SET br_r_id = ?, br_user_id = ?, br_password = ? WHERE br_a_id = ?
             ^^^^^^^^^^^

SyntaxError: Unexpected identifier 'branch_auth'
    at wrapSafe (node:internal/modules/cjs/loader:1469:18)
    at Module._compile (node:internal/modules/cjs/loader:1491:20)
    at Object..js (node:internal/modules/cjs/loader:1689:10)
    at Module.load (node:internal/modules/cjs/loader:1318:32)
    at Function._load (node:internal/modules/cjs/loader:1128:12)
    at TracingChannel.traceSync (node:diagnostics_channel:315:14)
    at wrapModuleLoad (node:internal/modules/cjs/loader:218:24)
    at Module.require (node:internal/modules/cjs/loader:1340:12)
    at require (node:internal/modules/helpers:141:16)
    at Object.<anonymous> (Z:\Visual_Codes\jagya_const\backend\controllers\authControllers\branch\index.js:5:21)
Z:\Visual_Codes\jagya_const\backend\models\authModels\branch\index.js:43
      UPDATE branch_auth SET br_r_id = ?, br_user_id = ?, br_password = ? WHERE br_a_id = ?
             ^^^^^^^^^^^

SyntaxError: Unexpected identifier 'branch_auth'
    at wrapSafe (node:internal/modules/cjs/loader:1469:18)
    at Module._compile (node:internal/modules/cjs/loader:1491:20)
    at Object..js (node:internal/modules/cjs/loader:1689:10)
    at Module.load (node:internal/modules/cjs/loader:1318:32)
    at Function._load (node:internal/modules/cjs/loader:1128:12)
    at TracingChannel.traceSync (node:diagnostics_channel:315:14)
    at wrapModuleLoad (node:internal/modules/cjs/loader:218:24)
    at Module.require (node:internal/modules/cjs/loader:1340:12)
    at require (node:internal/modules/helpers:141:16)
    at Object.<anonymous> (Z:\Visual_Codes\jagya_const\backend\controllers\authControllers\branch\index.js:5:21)
{
  error: Z:\Visual_Codes\jagya_const\backend\models\authModels\branch\index.js:43
        UPDATE branch_auth SET br_r_id = ?, br_user_id = ?, br_password = ? WHERE br_a_id = ?
               ^^^^^^^^^^^
  
  SyntaxError: Unexpected identifier 'branch_auth'
      at wrapSafe (node:internal/modules/cjs/loader:1469:18)
      at Module._compile (node:internal/modules/cjs/loader:1491:20)
      at Object..js (node:internal/modules/cjs/loader:1689:10)
      at Module.load (node:internal/modules/cjs/loader:1318:32)
      at Function._load (node:internal/modules/cjs/loader:1128:12)
      at TracingChannel.traceSync (node:diagnostics_channel:315:14)
      at wrapModuleLoad (node:internal/modules/cjs/loader:218:24)
      at Module.require (node:internal/modules/cjs/loader:1340:12)
      at require (node:internal/modules/helpers:141:16)
      at Object.<anonymous> (Z:\Visual_Codes\jagya_const\backend\controllers\authControllers\branch\index.js:5:21),
  exception: true,
  date: 'Sun May 18 2025 22:41:28 GMT+0530 (India Standard Time)',
  process: {
    pid: 9420,
    uid: null,
    gid: null,
    cwd: 'Z:\\Visual_Codes\\jagya_const\\backend',
    execPath: 'C:\\Program Files\\nodejs\\node.exe',
    version: 'v22.11.0',
    argv: [
      'C:\\Program Files\\nodejs\\node.exe',
      'Z:\\Visual_Codes\\jagya_const\\backend\\app.js'
    ],
    memoryUsage: {
      rss: 104206336,
      heapTotal: 70172672,
      heapUsed: 50300224,
      external: 2318336,
      arrayBuffers: 21664
    }
  },
  os: { loadavg: [ 0, 0, 0 ], uptime: 962990.968 },
  trace: [
    {
      column: 18,
      file: 'node:internal/modules/cjs/loader',
      function: 'wrapSafe',
      line: 1469,
      method: null,
      native: false
    },
    {
      column: 20,
      file: 'node:internal/modules/cjs/loader',
      function: 'Module._compile',
      line: 1491,
      method: '_compile',
      native: false
    },
    {
      column: 10,
      file: 'node:internal/modules/cjs/loader',
      function: 'Object..js',
      line: 1689,
      method: '.js',
      native: false
    },
    {
      column: 32,
      file: 'node:internal/modules/cjs/loader',
      function: 'Module.load',
      line: 1318,
      method: 'load',
      native: false
    },
    {
      column: 12,
      file: 'node:internal/modules/cjs/loader',
      function: 'Function._load',
      line: 1128,
      method: '_load',
      native: false
    },
    {
      column: 14,
      file: 'node:diagnostics_channel',
      function: 'TracingChannel.traceSync',
      line: 315,
      method: 'traceSync',
      native: false
    },
    {
      column: 24,
      file: 'node:internal/modules/cjs/loader',
      function: 'wrapModuleLoad',
      line: 218,
      method: null,
      native: false
    },
    {
      column: 12,
      file: 'node:internal/modules/cjs/loader',
      function: 'Module.require',
      line: 1340,
      method: 'require',
      native: false
    },
    {
      column: 16,
      file: 'node:internal/modules/helpers',
      function: 'require',
      line: 141,
      method: null,
      native: false
    },
    {
      column: 21,
      file: 'Z:\\Visual_Codes\\jagya_const\\backend\\controllers\\authControllers\\branch\\index.js',
      function: null,
      line: 5,
      method: null,
      native: false
    }
  ],
  [Symbol(level)]: 'error'
}
2025-05-29 16:36:10 [ERROR] uncaughtException: Access denied for user 'reynrel01'@'localhost' (using password: YES)
Error: Access denied for user 'reynrel01'@'localhost' (using password: YES)
    at Packet.asError (Z:\Visual_Codes\jagya_const\backend\node_modules\mysql2\lib\packets\packet.js:740:17)
    at ClientHandshake.execute (Z:\Visual_Codes\jagya_const\backend\node_modules\mysql2\lib\commands\command.js:29:26)
    at PoolConnection.handlePacket (Z:\Visual_Codes\jagya_const\backend\node_modules\mysql2\lib\base\connection.js:475:34)
    at PacketParser.onPacket (Z:\Visual_Codes\jagya_const\backend\node_modules\mysql2\lib\base\connection.js:93:12)
    at PacketParser.executeStart (Z:\Visual_Codes\jagya_const\backend\node_modules\mysql2\lib\packet_parser.js:75:16)
    at Socket.<anonymous> (Z:\Visual_Codes\jagya_const\backend\node_modules\mysql2\lib\base\connection.js:100:25)
    at Socket.emit (node:events:518:28)
    at addChunk (node:internal/streams/readable:561:12)
    at readableAddChunkPushByteMode (node:internal/streams/readable:512:3)
    at Readable.push (node:internal/streams/readable:392:5)
Error: Access denied for user 'reynrel01'@'localhost' (using password: YES)
    at Packet.asError (Z:\Visual_Codes\jagya_const\backend\node_modules\mysql2\lib\packets\packet.js:740:17)
    at ClientHandshake.execute (Z:\Visual_Codes\jagya_const\backend\node_modules\mysql2\lib\commands\command.js:29:26)
    at PoolConnection.handlePacket (Z:\Visual_Codes\jagya_const\backend\node_modules\mysql2\lib\base\connection.js:475:34)
    at PacketParser.onPacket (Z:\Visual_Codes\jagya_const\backend\node_modules\mysql2\lib\base\connection.js:93:12)
    at PacketParser.executeStart (Z:\Visual_Codes\jagya_const\backend\node_modules\mysql2\lib\packet_parser.js:75:16)
    at Socket.<anonymous> (Z:\Visual_Codes\jagya_const\backend\node_modules\mysql2\lib\base\connection.js:100:25)
    at Socket.emit (node:events:518:28)
    at addChunk (node:internal/streams/readable:561:12)
    at readableAddChunkPushByteMode (node:internal/streams/readable:512:3)
    at Readable.push (node:internal/streams/readable:392:5)
{
  error: Error: Access denied for user 'reynrel01'@'localhost' (using password: YES)
      at Packet.asError (Z:\Visual_Codes\jagya_const\backend\node_modules\mysql2\lib\packets\packet.js:740:17)
      at ClientHandshake.execute (Z:\Visual_Codes\jagya_const\backend\node_modules\mysql2\lib\commands\command.js:29:26)
      at PoolConnection.handlePacket (Z:\Visual_Codes\jagya_const\backend\node_modules\mysql2\lib\base\connection.js:475:34)
      at PacketParser.onPacket (Z:\Visual_Codes\jagya_const\backend\node_modules\mysql2\lib\base\connection.js:93:12)
      at PacketParser.executeStart (Z:\Visual_Codes\jagya_const\backend\node_modules\mysql2\lib\packet_parser.js:75:16)
      at Socket.<anonymous> (Z:\Visual_Codes\jagya_const\backend\node_modules\mysql2\lib\base\connection.js:100:25)
      at Socket.emit (node:events:518:28)
      at addChunk (node:internal/streams/readable:561:12)
      at readableAddChunkPushByteMode (node:internal/streams/readable:512:3)
      at Readable.push (node:internal/streams/readable:392:5) {
    code: 'ER_ACCESS_DENIED_ERROR',
    errno: 1045,
    sqlState: '28000',
    sqlMessage: "Access denied for user 'reynrel01'@'localhost' (using password: YES)",
    sql: undefined
  },
  exception: true,
  date: 'Thu May 29 2025 16:36:10 GMT+0530 (India Standard Time)',
  process: {
    pid: 13208,
    uid: null,
    gid: null,
    cwd: 'Z:\\Visual_Codes\\jagya_const\\backend',
    execPath: 'C:\\Program Files\\nodejs\\node.exe',
    version: 'v22.11.0',
    argv: [
      'C:\\Program Files\\nodejs\\node.exe',
      'Z:\\Visual_Codes\\jagya_const\\backend\\app.js'
    ],
    memoryUsage: {
      rss: 105512960,
      heapTotal: 71245824,
      heapUsed: 40578392,
      external: 2346683,
      arrayBuffers: 29583
    }
  },
  os: { loadavg: [ 0, 0, 0 ], uptime: 8352.671 },
  trace: [
    {
      column: 17,
      file: 'Z:\\Visual_Codes\\jagya_const\\backend\\node_modules\\mysql2\\lib\\packets\\packet.js',
      function: 'Packet.asError',
      line: 740,
      method: 'asError',
      native: false
    },
    {
      column: 26,
      file: 'Z:\\Visual_Codes\\jagya_const\\backend\\node_modules\\mysql2\\lib\\commands\\command.js',
      function: 'ClientHandshake.execute',
      line: 29,
      method: 'execute',
      native: false
    },
    {
      column: 34,
      file: 'Z:\\Visual_Codes\\jagya_const\\backend\\node_modules\\mysql2\\lib\\base\\connection.js',
      function: 'PoolConnection.handlePacket',
      line: 475,
      method: 'handlePacket',
      native: false
    },
    {
      column: 12,
      file: 'Z:\\Visual_Codes\\jagya_const\\backend\\node_modules\\mysql2\\lib\\base\\connection.js',
      function: 'PacketParser.onPacket',
      line: 93,
      method: 'onPacket',
      native: false
    },
    {
      column: 16,
      file: 'Z:\\Visual_Codes\\jagya_const\\backend\\node_modules\\mysql2\\lib\\packet_parser.js',
      function: 'PacketParser.executeStart',
      line: 75,
      method: 'executeStart',
      native: false
    },
    {
      column: 25,
      file: 'Z:\\Visual_Codes\\jagya_const\\backend\\node_modules\\mysql2\\lib\\base\\connection.js',
      function: null,
      line: 100,
      method: null,
      native: false
    },
    {
      column: 28,
      file: 'node:events',
      function: 'Socket.emit',
      line: 518,
      method: 'emit',
      native: false
    },
    {
      column: 12,
      file: 'node:internal/streams/readable',
      function: 'addChunk',
      line: 561,
      method: null,
      native: false
    },
    {
      column: 3,
      file: 'node:internal/streams/readable',
      function: 'readableAddChunkPushByteMode',
      line: 512,
      method: null,
      native: false
    },
    {
      column: 5,
      file: 'node:internal/streams/readable',
      function: 'Readable.push',
      line: 392,
      method: 'push',
      native: false
    }
  ],
  [Symbol(level)]: 'error'
}
2025-05-29 16:38:41 [ERROR] uncaughtException: Access denied for user 'reynrel01'@'localhost' (using password: YES)
Error: Access denied for user 'reynrel01'@'localhost' (using password: YES)
    at Packet.asError (Z:\Visual_Codes\jagya_const\backend\node_modules\mysql2\lib\packets\packet.js:740:17)
    at ClientHandshake.execute (Z:\Visual_Codes\jagya_const\backend\node_modules\mysql2\lib\commands\command.js:29:26)
    at PoolConnection.handlePacket (Z:\Visual_Codes\jagya_const\backend\node_modules\mysql2\lib\base\connection.js:475:34)
    at PacketParser.onPacket (Z:\Visual_Codes\jagya_const\backend\node_modules\mysql2\lib\base\connection.js:93:12)
    at PacketParser.executeStart (Z:\Visual_Codes\jagya_const\backend\node_modules\mysql2\lib\packet_parser.js:75:16)
    at Socket.<anonymous> (Z:\Visual_Codes\jagya_const\backend\node_modules\mysql2\lib\base\connection.js:100:25)
    at Socket.emit (node:events:518:28)
    at addChunk (node:internal/streams/readable:561:12)
    at readableAddChunkPushByteMode (node:internal/streams/readable:512:3)
    at Readable.push (node:internal/streams/readable:392:5)
Error: Access denied for user 'reynrel01'@'localhost' (using password: YES)
    at Packet.asError (Z:\Visual_Codes\jagya_const\backend\node_modules\mysql2\lib\packets\packet.js:740:17)
    at ClientHandshake.execute (Z:\Visual_Codes\jagya_const\backend\node_modules\mysql2\lib\commands\command.js:29:26)
    at PoolConnection.handlePacket (Z:\Visual_Codes\jagya_const\backend\node_modules\mysql2\lib\base\connection.js:475:34)
    at PacketParser.onPacket (Z:\Visual_Codes\jagya_const\backend\node_modules\mysql2\lib\base\connection.js:93:12)
    at PacketParser.executeStart (Z:\Visual_Codes\jagya_const\backend\node_modules\mysql2\lib\packet_parser.js:75:16)
    at Socket.<anonymous> (Z:\Visual_Codes\jagya_const\backend\node_modules\mysql2\lib\base\connection.js:100:25)
    at Socket.emit (node:events:518:28)
    at addChunk (node:internal/streams/readable:561:12)
    at readableAddChunkPushByteMode (node:internal/streams/readable:512:3)
    at Readable.push (node:internal/streams/readable:392:5)
{
  error: Error: Access denied for user 'reynrel01'@'localhost' (using password: YES)
      at Packet.asError (Z:\Visual_Codes\jagya_const\backend\node_modules\mysql2\lib\packets\packet.js:740:17)
      at ClientHandshake.execute (Z:\Visual_Codes\jagya_const\backend\node_modules\mysql2\lib\commands\command.js:29:26)
      at PoolConnection.handlePacket (Z:\Visual_Codes\jagya_const\backend\node_modules\mysql2\lib\base\connection.js:475:34)
      at PacketParser.onPacket (Z:\Visual_Codes\jagya_const\backend\node_modules\mysql2\lib\base\connection.js:93:12)
      at PacketParser.executeStart (Z:\Visual_Codes\jagya_const\backend\node_modules\mysql2\lib\packet_parser.js:75:16)
      at Socket.<anonymous> (Z:\Visual_Codes\jagya_const\backend\node_modules\mysql2\lib\base\connection.js:100:25)
      at Socket.emit (node:events:518:28)
      at addChunk (node:internal/streams/readable:561:12)
      at readableAddChunkPushByteMode (node:internal/streams/readable:512:3)
      at Readable.push (node:internal/streams/readable:392:5) {
    code: 'ER_ACCESS_DENIED_ERROR',
    errno: 1045,
    sqlState: '28000',
    sqlMessage: "Access denied for user 'reynrel01'@'localhost' (using password: YES)",
    sql: undefined
  },
  exception: true,
  date: 'Thu May 29 2025 16:38:41 GMT+0530 (India Standard Time)',
  process: {
    pid: 8308,
    uid: null,
    gid: null,
    cwd: 'Z:\\Visual_Codes\\jagya_const\\backend',
    execPath: 'C:\\Program Files\\nodejs\\node.exe',
    version: 'v22.11.0',
    argv: [
      'C:\\Program Files\\nodejs\\node.exe',
      'Z:\\Visual_Codes\\jagya_const\\backend\\app.js'
    ],
    memoryUsage: {
      rss: 106467328,
      heapTotal: 72384512,
      heapUsed: 41416504,
      external: 2346681,
      arrayBuffers: 29581
    }
  },
  os: { loadavg: [ 0, 0, 0 ], uptime: 8504.546 },
  trace: [
    {
      column: 17,
      file: 'Z:\\Visual_Codes\\jagya_const\\backend\\node_modules\\mysql2\\lib\\packets\\packet.js',
      function: 'Packet.asError',
      line: 740,
      method: 'asError',
      native: false
    },
    {
      column: 26,
      file: 'Z:\\Visual_Codes\\jagya_const\\backend\\node_modules\\mysql2\\lib\\commands\\command.js',
      function: 'ClientHandshake.execute',
      line: 29,
      method: 'execute',
      native: false
    },
    {
      column: 34,
      file: 'Z:\\Visual_Codes\\jagya_const\\backend\\node_modules\\mysql2\\lib\\base\\connection.js',
      function: 'PoolConnection.handlePacket',
      line: 475,
      method: 'handlePacket',
      native: false
    },
    {
      column: 12,
      file: 'Z:\\Visual_Codes\\jagya_const\\backend\\node_modules\\mysql2\\lib\\base\\connection.js',
      function: 'PacketParser.onPacket',
      line: 93,
      method: 'onPacket',
      native: false
    },
    {
      column: 16,
      file: 'Z:\\Visual_Codes\\jagya_const\\backend\\node_modules\\mysql2\\lib\\packet_parser.js',
      function: 'PacketParser.executeStart',
      line: 75,
      method: 'executeStart',
      native: false
    },
    {
      column: 25,
      file: 'Z:\\Visual_Codes\\jagya_const\\backend\\node_modules\\mysql2\\lib\\base\\connection.js',
      function: null,
      line: 100,
      method: null,
      native: false
    },
    {
      column: 28,
      file: 'node:events',
      function: 'Socket.emit',
      line: 518,
      method: 'emit',
      native: false
    },
    {
      column: 12,
      file: 'node:internal/streams/readable',
      function: 'addChunk',
      line: 561,
      method: null,
      native: false
    },
    {
      column: 3,
      file: 'node:internal/streams/readable',
      function: 'readableAddChunkPushByteMode',
      line: 512,
      method: null,
      native: false
    },
    {
      column: 5,
      file: 'node:internal/streams/readable',
      function: 'Readable.push',
      line: 392,
      method: 'push',
      native: false
    }
  ],
  [Symbol(level)]: 'error'
}
2025-05-29 16:39:11 [ERROR] uncaughtException: Access denied for user 'reynrel01'@'localhost' (using password: YES)
Error: Access denied for user 'reynrel01'@'localhost' (using password: YES)
    at Packet.asError (Z:\Visual_Codes\jagya_const\backend\node_modules\mysql2\lib\packets\packet.js:740:17)
    at ClientHandshake.execute (Z:\Visual_Codes\jagya_const\backend\node_modules\mysql2\lib\commands\command.js:29:26)
    at PoolConnection.handlePacket (Z:\Visual_Codes\jagya_const\backend\node_modules\mysql2\lib\base\connection.js:475:34)
    at PacketParser.onPacket (Z:\Visual_Codes\jagya_const\backend\node_modules\mysql2\lib\base\connection.js:93:12)
    at PacketParser.executeStart (Z:\Visual_Codes\jagya_const\backend\node_modules\mysql2\lib\packet_parser.js:75:16)
    at Socket.<anonymous> (Z:\Visual_Codes\jagya_const\backend\node_modules\mysql2\lib\base\connection.js:100:25)
    at Socket.emit (node:events:518:28)
    at addChunk (node:internal/streams/readable:561:12)
    at readableAddChunkPushByteMode (node:internal/streams/readable:512:3)
    at Readable.push (node:internal/streams/readable:392:5)
Error: Access denied for user 'reynrel01'@'localhost' (using password: YES)
    at Packet.asError (Z:\Visual_Codes\jagya_const\backend\node_modules\mysql2\lib\packets\packet.js:740:17)
    at ClientHandshake.execute (Z:\Visual_Codes\jagya_const\backend\node_modules\mysql2\lib\commands\command.js:29:26)
    at PoolConnection.handlePacket (Z:\Visual_Codes\jagya_const\backend\node_modules\mysql2\lib\base\connection.js:475:34)
    at PacketParser.onPacket (Z:\Visual_Codes\jagya_const\backend\node_modules\mysql2\lib\base\connection.js:93:12)
    at PacketParser.executeStart (Z:\Visual_Codes\jagya_const\backend\node_modules\mysql2\lib\packet_parser.js:75:16)
    at Socket.<anonymous> (Z:\Visual_Codes\jagya_const\backend\node_modules\mysql2\lib\base\connection.js:100:25)
    at Socket.emit (node:events:518:28)
    at addChunk (node:internal/streams/readable:561:12)
    at readableAddChunkPushByteMode (node:internal/streams/readable:512:3)
    at Readable.push (node:internal/streams/readable:392:5)
{
  error: Error: Access denied for user 'reynrel01'@'localhost' (using password: YES)
      at Packet.asError (Z:\Visual_Codes\jagya_const\backend\node_modules\mysql2\lib\packets\packet.js:740:17)
      at ClientHandshake.execute (Z:\Visual_Codes\jagya_const\backend\node_modules\mysql2\lib\commands\command.js:29:26)
      at PoolConnection.handlePacket (Z:\Visual_Codes\jagya_const\backend\node_modules\mysql2\lib\base\connection.js:475:34)
      at PacketParser.onPacket (Z:\Visual_Codes\jagya_const\backend\node_modules\mysql2\lib\base\connection.js:93:12)
      at PacketParser.executeStart (Z:\Visual_Codes\jagya_const\backend\node_modules\mysql2\lib\packet_parser.js:75:16)
      at Socket.<anonymous> (Z:\Visual_Codes\jagya_const\backend\node_modules\mysql2\lib\base\connection.js:100:25)
      at Socket.emit (node:events:518:28)
      at addChunk (node:internal/streams/readable:561:12)
      at readableAddChunkPushByteMode (node:internal/streams/readable:512:3)
      at Readable.push (node:internal/streams/readable:392:5) {
    code: 'ER_ACCESS_DENIED_ERROR',
    errno: 1045,
    sqlState: '28000',
    sqlMessage: "Access denied for user 'reynrel01'@'localhost' (using password: YES)",
    sql: undefined
  },
  exception: true,
  date: 'Thu May 29 2025 16:39:11 GMT+0530 (India Standard Time)',
  process: {
    pid: 5536,
    uid: null,
    gid: null,
    cwd: 'Z:\\Visual_Codes\\jagya_const\\backend',
    execPath: 'C:\\Program Files\\nodejs\\node.exe',
    version: 'v22.11.0',
    argv: [
      'C:\\Program Files\\nodejs\\node.exe',
      'Z:\\Visual_Codes\\jagya_const\\backend\\app.js'
    ],
    memoryUsage: {
      rss: 106512384,
      heapTotal: 72441856,
      heapUsed: 41436816,
      external: 2346681,
      arrayBuffers: 29581
    }
  },
  os: { loadavg: [ 0, 0, 0 ], uptime: 8534.625 },
  trace: [
    {
      column: 17,
      file: 'Z:\\Visual_Codes\\jagya_const\\backend\\node_modules\\mysql2\\lib\\packets\\packet.js',
      function: 'Packet.asError',
      line: 740,
      method: 'asError',
      native: false
    },
    {
      column: 26,
      file: 'Z:\\Visual_Codes\\jagya_const\\backend\\node_modules\\mysql2\\lib\\commands\\command.js',
      function: 'ClientHandshake.execute',
      line: 29,
      method: 'execute',
      native: false
    },
    {
      column: 34,
      file: 'Z:\\Visual_Codes\\jagya_const\\backend\\node_modules\\mysql2\\lib\\base\\connection.js',
      function: 'PoolConnection.handlePacket',
      line: 475,
      method: 'handlePacket',
      native: false
    },
    {
      column: 12,
      file: 'Z:\\Visual_Codes\\jagya_const\\backend\\node_modules\\mysql2\\lib\\base\\connection.js',
      function: 'PacketParser.onPacket',
      line: 93,
      method: 'onPacket',
      native: false
    },
    {
      column: 16,
      file: 'Z:\\Visual_Codes\\jagya_const\\backend\\node_modules\\mysql2\\lib\\packet_parser.js',
      function: 'PacketParser.executeStart',
      line: 75,
      method: 'executeStart',
      native: false
    },
    {
      column: 25,
      file: 'Z:\\Visual_Codes\\jagya_const\\backend\\node_modules\\mysql2\\lib\\base\\connection.js',
      function: null,
      line: 100,
      method: null,
      native: false
    },
    {
      column: 28,
      file: 'node:events',
      function: 'Socket.emit',
      line: 518,
      method: 'emit',
      native: false
    },
    {
      column: 12,
      file: 'node:internal/streams/readable',
      function: 'addChunk',
      line: 561,
      method: null,
      native: false
    },
    {
      column: 3,
      file: 'node:internal/streams/readable',
      function: 'readableAddChunkPushByteMode',
      line: 512,
      method: null,
      native: false
    },
    {
      column: 5,
      file: 'node:internal/streams/readable',
      function: 'Readable.push',
      line: 392,
      method: 'push',
      native: false
    }
  ],
  [Symbol(level)]: 'error'
}
2025-05-29 16:42:04 [ERROR] uncaughtException: Access denied for user 'reynrel01'@'localhost' (using password: YES)
Error: Access denied for user 'reynrel01'@'localhost' (using password: YES)
    at Packet.asError (Z:\Visual_Codes\jagya_const\backend\node_modules\mysql2\lib\packets\packet.js:740:17)
    at ClientHandshake.execute (Z:\Visual_Codes\jagya_const\backend\node_modules\mysql2\lib\commands\command.js:29:26)
    at PoolConnection.handlePacket (Z:\Visual_Codes\jagya_const\backend\node_modules\mysql2\lib\base\connection.js:475:34)
    at PacketParser.onPacket (Z:\Visual_Codes\jagya_const\backend\node_modules\mysql2\lib\base\connection.js:93:12)
    at PacketParser.executeStart (Z:\Visual_Codes\jagya_const\backend\node_modules\mysql2\lib\packet_parser.js:75:16)
    at Socket.<anonymous> (Z:\Visual_Codes\jagya_const\backend\node_modules\mysql2\lib\base\connection.js:100:25)
    at Socket.emit (node:events:518:28)
    at addChunk (node:internal/streams/readable:561:12)
    at readableAddChunkPushByteMode (node:internal/streams/readable:512:3)
    at Readable.push (node:internal/streams/readable:392:5)
Error: Access denied for user 'reynrel01'@'localhost' (using password: YES)
    at Packet.asError (Z:\Visual_Codes\jagya_const\backend\node_modules\mysql2\lib\packets\packet.js:740:17)
    at ClientHandshake.execute (Z:\Visual_Codes\jagya_const\backend\node_modules\mysql2\lib\commands\command.js:29:26)
    at PoolConnection.handlePacket (Z:\Visual_Codes\jagya_const\backend\node_modules\mysql2\lib\base\connection.js:475:34)
    at PacketParser.onPacket (Z:\Visual_Codes\jagya_const\backend\node_modules\mysql2\lib\base\connection.js:93:12)
    at PacketParser.executeStart (Z:\Visual_Codes\jagya_const\backend\node_modules\mysql2\lib\packet_parser.js:75:16)
    at Socket.<anonymous> (Z:\Visual_Codes\jagya_const\backend\node_modules\mysql2\lib\base\connection.js:100:25)
    at Socket.emit (node:events:518:28)
    at addChunk (node:internal/streams/readable:561:12)
    at readableAddChunkPushByteMode (node:internal/streams/readable:512:3)
    at Readable.push (node:internal/streams/readable:392:5)
{
  error: Error: Access denied for user 'reynrel01'@'localhost' (using password: YES)
      at Packet.asError (Z:\Visual_Codes\jagya_const\backend\node_modules\mysql2\lib\packets\packet.js:740:17)
      at ClientHandshake.execute (Z:\Visual_Codes\jagya_const\backend\node_modules\mysql2\lib\commands\command.js:29:26)
      at PoolConnection.handlePacket (Z:\Visual_Codes\jagya_const\backend\node_modules\mysql2\lib\base\connection.js:475:34)
      at PacketParser.onPacket (Z:\Visual_Codes\jagya_const\backend\node_modules\mysql2\lib\base\connection.js:93:12)
      at PacketParser.executeStart (Z:\Visual_Codes\jagya_const\backend\node_modules\mysql2\lib\packet_parser.js:75:16)
      at Socket.<anonymous> (Z:\Visual_Codes\jagya_const\backend\node_modules\mysql2\lib\base\connection.js:100:25)
      at Socket.emit (node:events:518:28)
      at addChunk (node:internal/streams/readable:561:12)
      at readableAddChunkPushByteMode (node:internal/streams/readable:512:3)
      at Readable.push (node:internal/streams/readable:392:5) {
    code: 'ER_ACCESS_DENIED_ERROR',
    errno: 1045,
    sqlState: '28000',
    sqlMessage: "Access denied for user 'reynrel01'@'localhost' (using password: YES)",
    sql: undefined
  },
  exception: true,
  date: 'Thu May 29 2025 16:42:04 GMT+0530 (India Standard Time)',
  process: {
    pid: 10928,
    uid: null,
    gid: null,
    cwd: 'Z:\\Visual_Codes\\jagya_const\\backend',
    execPath: 'C:\\Program Files\\nodejs\\node.exe',
    version: 'v22.11.0',
    argv: [
      'C:\\Program Files\\nodejs\\node.exe',
      'Z:\\Visual_Codes\\jagya_const\\backend\\app.js'
    ],
    memoryUsage: {
      rss: 106029056,
      heapTotal: 71974912,
      heapUsed: 41129600,
      external: 2346683,
      arrayBuffers: 29583
    }
  },
  os: { loadavg: [ 0, 0, 0 ], uptime: 8707.015 },
  trace: [
    {
      column: 17,
      file: 'Z:\\Visual_Codes\\jagya_const\\backend\\node_modules\\mysql2\\lib\\packets\\packet.js',
      function: 'Packet.asError',
      line: 740,
      method: 'asError',
      native: false
    },
    {
      column: 26,
      file: 'Z:\\Visual_Codes\\jagya_const\\backend\\node_modules\\mysql2\\lib\\commands\\command.js',
      function: 'ClientHandshake.execute',
      line: 29,
      method: 'execute',
      native: false
    },
    {
      column: 34,
      file: 'Z:\\Visual_Codes\\jagya_const\\backend\\node_modules\\mysql2\\lib\\base\\connection.js',
      function: 'PoolConnection.handlePacket',
      line: 475,
      method: 'handlePacket',
      native: false
    },
    {
      column: 12,
      file: 'Z:\\Visual_Codes\\jagya_const\\backend\\node_modules\\mysql2\\lib\\base\\connection.js',
      function: 'PacketParser.onPacket',
      line: 93,
      method: 'onPacket',
      native: false
    },
    {
      column: 16,
      file: 'Z:\\Visual_Codes\\jagya_const\\backend\\node_modules\\mysql2\\lib\\packet_parser.js',
      function: 'PacketParser.executeStart',
      line: 75,
      method: 'executeStart',
      native: false
    },
    {
      column: 25,
      file: 'Z:\\Visual_Codes\\jagya_const\\backend\\node_modules\\mysql2\\lib\\base\\connection.js',
      function: null,
      line: 100,
      method: null,
      native: false
    },
    {
      column: 28,
      file: 'node:events',
      function: 'Socket.emit',
      line: 518,
      method: 'emit',
      native: false
    },
    {
      column: 12,
      file: 'node:internal/streams/readable',
      function: 'addChunk',
      line: 561,
      method: null,
      native: false
    },
    {
      column: 3,
      file: 'node:internal/streams/readable',
      function: 'readableAddChunkPushByteMode',
      line: 512,
      method: null,
      native: false
    },
    {
      column: 5,
      file: 'node:internal/streams/readable',
      function: 'Readable.push',
      line: 392,
      method: 'push',
      native: false
    }
  ],
  [Symbol(level)]: 'error'
}
2025-05-29 16:42:11 [ERROR] uncaughtException: Access denied for user 'reynrel01'@'localhost' (using password: YES)
Error: Access denied for user 'reynrel01'@'localhost' (using password: YES)
    at Packet.asError (Z:\Visual_Codes\jagya_const\backend\node_modules\mysql2\lib\packets\packet.js:740:17)
    at ClientHandshake.execute (Z:\Visual_Codes\jagya_const\backend\node_modules\mysql2\lib\commands\command.js:29:26)
    at PoolConnection.handlePacket (Z:\Visual_Codes\jagya_const\backend\node_modules\mysql2\lib\base\connection.js:475:34)
    at PacketParser.onPacket (Z:\Visual_Codes\jagya_const\backend\node_modules\mysql2\lib\base\connection.js:93:12)
    at PacketParser.executeStart (Z:\Visual_Codes\jagya_const\backend\node_modules\mysql2\lib\packet_parser.js:75:16)
    at Socket.<anonymous> (Z:\Visual_Codes\jagya_const\backend\node_modules\mysql2\lib\base\connection.js:100:25)
    at Socket.emit (node:events:518:28)
    at addChunk (node:internal/streams/readable:561:12)
    at readableAddChunkPushByteMode (node:internal/streams/readable:512:3)
    at Readable.push (node:internal/streams/readable:392:5)
Error: Access denied for user 'reynrel01'@'localhost' (using password: YES)
    at Packet.asError (Z:\Visual_Codes\jagya_const\backend\node_modules\mysql2\lib\packets\packet.js:740:17)
    at ClientHandshake.execute (Z:\Visual_Codes\jagya_const\backend\node_modules\mysql2\lib\commands\command.js:29:26)
    at PoolConnection.handlePacket (Z:\Visual_Codes\jagya_const\backend\node_modules\mysql2\lib\base\connection.js:475:34)
    at PacketParser.onPacket (Z:\Visual_Codes\jagya_const\backend\node_modules\mysql2\lib\base\connection.js:93:12)
    at PacketParser.executeStart (Z:\Visual_Codes\jagya_const\backend\node_modules\mysql2\lib\packet_parser.js:75:16)
    at Socket.<anonymous> (Z:\Visual_Codes\jagya_const\backend\node_modules\mysql2\lib\base\connection.js:100:25)
    at Socket.emit (node:events:518:28)
    at addChunk (node:internal/streams/readable:561:12)
    at readableAddChunkPushByteMode (node:internal/streams/readable:512:3)
    at Readable.push (node:internal/streams/readable:392:5)
{
  error: Error: Access denied for user 'reynrel01'@'localhost' (using password: YES)
      at Packet.asError (Z:\Visual_Codes\jagya_const\backend\node_modules\mysql2\lib\packets\packet.js:740:17)
      at ClientHandshake.execute (Z:\Visual_Codes\jagya_const\backend\node_modules\mysql2\lib\commands\command.js:29:26)
      at PoolConnection.handlePacket (Z:\Visual_Codes\jagya_const\backend\node_modules\mysql2\lib\base\connection.js:475:34)
      at PacketParser.onPacket (Z:\Visual_Codes\jagya_const\backend\node_modules\mysql2\lib\base\connection.js:93:12)
      at PacketParser.executeStart (Z:\Visual_Codes\jagya_const\backend\node_modules\mysql2\lib\packet_parser.js:75:16)
      at Socket.<anonymous> (Z:\Visual_Codes\jagya_const\backend\node_modules\mysql2\lib\base\connection.js:100:25)
      at Socket.emit (node:events:518:28)
      at addChunk (node:internal/streams/readable:561:12)
      at readableAddChunkPushByteMode (node:internal/streams/readable:512:3)
      at Readable.push (node:internal/streams/readable:392:5) {
    code: 'ER_ACCESS_DENIED_ERROR',
    errno: 1045,
    sqlState: '28000',
    sqlMessage: "Access denied for user 'reynrel01'@'localhost' (using password: YES)",
    sql: undefined
  },
  exception: true,
  date: 'Thu May 29 2025 16:42:11 GMT+0530 (India Standard Time)',
  process: {
    pid: 12688,
    uid: null,
    gid: null,
    cwd: 'Z:\\Visual_Codes\\jagya_const\\backend',
    execPath: 'C:\\Program Files\\nodejs\\node.exe',
    version: 'v22.11.0',
    argv: [
      'C:\\Program Files\\nodejs\\node.exe',
      'Z:\\Visual_Codes\\jagya_const\\backend\\app.js'
    ],
    memoryUsage: {
      rss: 107208704,
      heapTotal: 72908800,
      heapUsed: 42250248,
      external: 2346683,
      arrayBuffers: 29583
    }
  },
  os: { loadavg: [ 0, 0, 0 ], uptime: 8714.109 },
  trace: [
    {
      column: 17,
      file: 'Z:\\Visual_Codes\\jagya_const\\backend\\node_modules\\mysql2\\lib\\packets\\packet.js',
      function: 'Packet.asError',
      line: 740,
      method: 'asError',
      native: false
    },
    {
      column: 26,
      file: 'Z:\\Visual_Codes\\jagya_const\\backend\\node_modules\\mysql2\\lib\\commands\\command.js',
      function: 'ClientHandshake.execute',
      line: 29,
      method: 'execute',
      native: false
    },
    {
      column: 34,
      file: 'Z:\\Visual_Codes\\jagya_const\\backend\\node_modules\\mysql2\\lib\\base\\connection.js',
      function: 'PoolConnection.handlePacket',
      line: 475,
      method: 'handlePacket',
      native: false
    },
    {
      column: 12,
      file: 'Z:\\Visual_Codes\\jagya_const\\backend\\node_modules\\mysql2\\lib\\base\\connection.js',
      function: 'PacketParser.onPacket',
      line: 93,
      method: 'onPacket',
      native: false
    },
    {
      column: 16,
      file: 'Z:\\Visual_Codes\\jagya_const\\backend\\node_modules\\mysql2\\lib\\packet_parser.js',
      function: 'PacketParser.executeStart',
      line: 75,
      method: 'executeStart',
      native: false
    },
    {
      column: 25,
      file: 'Z:\\Visual_Codes\\jagya_const\\backend\\node_modules\\mysql2\\lib\\base\\connection.js',
      function: null,
      line: 100,
      method: null,
      native: false
    },
    {
      column: 28,
      file: 'node:events',
      function: 'Socket.emit',
      line: 518,
      method: 'emit',
      native: false
    },
    {
      column: 12,
      file: 'node:internal/streams/readable',
      function: 'addChunk',
      line: 561,
      method: null,
      native: false
    },
    {
      column: 3,
      file: 'node:internal/streams/readable',
      function: 'readableAddChunkPushByteMode',
      line: 512,
      method: null,
      native: false
    },
    {
      column: 5,
      file: 'node:internal/streams/readable',
      function: 'Readable.push',
      line: 392,
      method: 'push',
      native: false
    }
  ],
  [Symbol(level)]: 'error'
}
2025-05-29 16:42:15 [ERROR] uncaughtException: Access denied for user 'reynrel01'@'localhost' (using password: YES)
Error: Access denied for user 'reynrel01'@'localhost' (using password: YES)
    at Packet.asError (Z:\Visual_Codes\jagya_const\backend\node_modules\mysql2\lib\packets\packet.js:740:17)
    at ClientHandshake.execute (Z:\Visual_Codes\jagya_const\backend\node_modules\mysql2\lib\commands\command.js:29:26)
    at PoolConnection.handlePacket (Z:\Visual_Codes\jagya_const\backend\node_modules\mysql2\lib\base\connection.js:475:34)
    at PacketParser.onPacket (Z:\Visual_Codes\jagya_const\backend\node_modules\mysql2\lib\base\connection.js:93:12)
    at PacketParser.executeStart (Z:\Visual_Codes\jagya_const\backend\node_modules\mysql2\lib\packet_parser.js:75:16)
    at Socket.<anonymous> (Z:\Visual_Codes\jagya_const\backend\node_modules\mysql2\lib\base\connection.js:100:25)
    at Socket.emit (node:events:518:28)
    at addChunk (node:internal/streams/readable:561:12)
    at readableAddChunkPushByteMode (node:internal/streams/readable:512:3)
    at Readable.push (node:internal/streams/readable:392:5)
Error: Access denied for user 'reynrel01'@'localhost' (using password: YES)
    at Packet.asError (Z:\Visual_Codes\jagya_const\backend\node_modules\mysql2\lib\packets\packet.js:740:17)
    at ClientHandshake.execute (Z:\Visual_Codes\jagya_const\backend\node_modules\mysql2\lib\commands\command.js:29:26)
    at PoolConnection.handlePacket (Z:\Visual_Codes\jagya_const\backend\node_modules\mysql2\lib\base\connection.js:475:34)
    at PacketParser.onPacket (Z:\Visual_Codes\jagya_const\backend\node_modules\mysql2\lib\base\connection.js:93:12)
    at PacketParser.executeStart (Z:\Visual_Codes\jagya_const\backend\node_modules\mysql2\lib\packet_parser.js:75:16)
    at Socket.<anonymous> (Z:\Visual_Codes\jagya_const\backend\node_modules\mysql2\lib\base\connection.js:100:25)
    at Socket.emit (node:events:518:28)
    at addChunk (node:internal/streams/readable:561:12)
    at readableAddChunkPushByteMode (node:internal/streams/readable:512:3)
    at Readable.push (node:internal/streams/readable:392:5)
{
  error: Error: Access denied for user 'reynrel01'@'localhost' (using password: YES)
      at Packet.asError (Z:\Visual_Codes\jagya_const\backend\node_modules\mysql2\lib\packets\packet.js:740:17)
      at ClientHandshake.execute (Z:\Visual_Codes\jagya_const\backend\node_modules\mysql2\lib\commands\command.js:29:26)
      at PoolConnection.handlePacket (Z:\Visual_Codes\jagya_const\backend\node_modules\mysql2\lib\base\connection.js:475:34)
      at PacketParser.onPacket (Z:\Visual_Codes\jagya_const\backend\node_modules\mysql2\lib\base\connection.js:93:12)
      at PacketParser.executeStart (Z:\Visual_Codes\jagya_const\backend\node_modules\mysql2\lib\packet_parser.js:75:16)
      at Socket.<anonymous> (Z:\Visual_Codes\jagya_const\backend\node_modules\mysql2\lib\base\connection.js:100:25)
      at Socket.emit (node:events:518:28)
      at addChunk (node:internal/streams/readable:561:12)
      at readableAddChunkPushByteMode (node:internal/streams/readable:512:3)
      at Readable.push (node:internal/streams/readable:392:5) {
    code: 'ER_ACCESS_DENIED_ERROR',
    errno: 1045,
    sqlState: '28000',
    sqlMessage: "Access denied for user 'reynrel01'@'localhost' (using password: YES)",
    sql: undefined
  },
  exception: true,
  date: 'Thu May 29 2025 16:42:15 GMT+0530 (India Standard Time)',
  process: {
    pid: 8964,
    uid: null,
    gid: null,
    cwd: 'Z:\\Visual_Codes\\jagya_const\\backend',
    execPath: 'C:\\Program Files\\nodejs\\node.exe',
    version: 'v22.11.0',
    argv: [
      'C:\\Program Files\\nodejs\\node.exe',
      'Z:\\Visual_Codes\\jagya_const\\backend\\app.js'
    ],
    memoryUsage: {
      rss: 105529344,
      heapTotal: 71450624,
      heapUsed: 40723000,
      external: 2346681,
      arrayBuffers: 29581
    }
  },
  os: { loadavg: [ 0, 0, 0 ], uptime: 8718.609 },
  trace: [
    {
      column: 17,
      file: 'Z:\\Visual_Codes\\jagya_const\\backend\\node_modules\\mysql2\\lib\\packets\\packet.js',
      function: 'Packet.asError',
      line: 740,
      method: 'asError',
      native: false
    },
    {
      column: 26,
      file: 'Z:\\Visual_Codes\\jagya_const\\backend\\node_modules\\mysql2\\lib\\commands\\command.js',
      function: 'ClientHandshake.execute',
      line: 29,
      method: 'execute',
      native: false
    },
    {
      column: 34,
      file: 'Z:\\Visual_Codes\\jagya_const\\backend\\node_modules\\mysql2\\lib\\base\\connection.js',
      function: 'PoolConnection.handlePacket',
      line: 475,
      method: 'handlePacket',
      native: false
    },
    {
      column: 12,
      file: 'Z:\\Visual_Codes\\jagya_const\\backend\\node_modules\\mysql2\\lib\\base\\connection.js',
      function: 'PacketParser.onPacket',
      line: 93,
      method: 'onPacket',
      native: false
    },
    {
      column: 16,
      file: 'Z:\\Visual_Codes\\jagya_const\\backend\\node_modules\\mysql2\\lib\\packet_parser.js',
      function: 'PacketParser.executeStart',
      line: 75,
      method: 'executeStart',
      native: false
    },
    {
      column: 25,
      file: 'Z:\\Visual_Codes\\jagya_const\\backend\\node_modules\\mysql2\\lib\\base\\connection.js',
      function: null,
      line: 100,
      method: null,
      native: false
    },
    {
      column: 28,
      file: 'node:events',
      function: 'Socket.emit',
      line: 518,
      method: 'emit',
      native: false
    },
    {
      column: 12,
      file: 'node:internal/streams/readable',
      function: 'addChunk',
      line: 561,
      method: null,
      native: false
    },
    {
      column: 3,
      file: 'node:internal/streams/readable',
      function: 'readableAddChunkPushByteMode',
      line: 512,
      method: null,
      native: false
    },
    {
      column: 5,
      file: 'node:internal/streams/readable',
      function: 'Readable.push',
      line: 392,
      method: 'push',
      native: false
    }
  ],
  [Symbol(level)]: 'error'
}
2025-05-29 16:42:48 [ERROR] uncaughtException: Access denied for user 'reynrel01'@'localhost' (using password: YES)
Error: Access denied for user 'reynrel01'@'localhost' (using password: YES)
    at Packet.asError (Z:\Visual_Codes\jagya_const\backend\node_modules\mysql2\lib\packets\packet.js:740:17)
    at ClientHandshake.execute (Z:\Visual_Codes\jagya_const\backend\node_modules\mysql2\lib\commands\command.js:29:26)
    at PoolConnection.handlePacket (Z:\Visual_Codes\jagya_const\backend\node_modules\mysql2\lib\base\connection.js:475:34)
    at PacketParser.onPacket (Z:\Visual_Codes\jagya_const\backend\node_modules\mysql2\lib\base\connection.js:93:12)
    at PacketParser.executeStart (Z:\Visual_Codes\jagya_const\backend\node_modules\mysql2\lib\packet_parser.js:75:16)
    at Socket.<anonymous> (Z:\Visual_Codes\jagya_const\backend\node_modules\mysql2\lib\base\connection.js:100:25)
    at Socket.emit (node:events:518:28)
    at addChunk (node:internal/streams/readable:561:12)
    at readableAddChunkPushByteMode (node:internal/streams/readable:512:3)
    at Readable.push (node:internal/streams/readable:392:5)
Error: Access denied for user 'reynrel01'@'localhost' (using password: YES)
    at Packet.asError (Z:\Visual_Codes\jagya_const\backend\node_modules\mysql2\lib\packets\packet.js:740:17)
    at ClientHandshake.execute (Z:\Visual_Codes\jagya_const\backend\node_modules\mysql2\lib\commands\command.js:29:26)
    at PoolConnection.handlePacket (Z:\Visual_Codes\jagya_const\backend\node_modules\mysql2\lib\base\connection.js:475:34)
    at PacketParser.onPacket (Z:\Visual_Codes\jagya_const\backend\node_modules\mysql2\lib\base\connection.js:93:12)
    at PacketParser.executeStart (Z:\Visual_Codes\jagya_const\backend\node_modules\mysql2\lib\packet_parser.js:75:16)
    at Socket.<anonymous> (Z:\Visual_Codes\jagya_const\backend\node_modules\mysql2\lib\base\connection.js:100:25)
    at Socket.emit (node:events:518:28)
    at addChunk (node:internal/streams/readable:561:12)
    at readableAddChunkPushByteMode (node:internal/streams/readable:512:3)
    at Readable.push (node:internal/streams/readable:392:5)
{
  error: Error: Access denied for user 'reynrel01'@'localhost' (using password: YES)
      at Packet.asError (Z:\Visual_Codes\jagya_const\backend\node_modules\mysql2\lib\packets\packet.js:740:17)
      at ClientHandshake.execute (Z:\Visual_Codes\jagya_const\backend\node_modules\mysql2\lib\commands\command.js:29:26)
      at PoolConnection.handlePacket (Z:\Visual_Codes\jagya_const\backend\node_modules\mysql2\lib\base\connection.js:475:34)
      at PacketParser.onPacket (Z:\Visual_Codes\jagya_const\backend\node_modules\mysql2\lib\base\connection.js:93:12)
      at PacketParser.executeStart (Z:\Visual_Codes\jagya_const\backend\node_modules\mysql2\lib\packet_parser.js:75:16)
      at Socket.<anonymous> (Z:\Visual_Codes\jagya_const\backend\node_modules\mysql2\lib\base\connection.js:100:25)
      at Socket.emit (node:events:518:28)
      at addChunk (node:internal/streams/readable:561:12)
      at readableAddChunkPushByteMode (node:internal/streams/readable:512:3)
      at Readable.push (node:internal/streams/readable:392:5) {
    code: 'ER_ACCESS_DENIED_ERROR',
    errno: 1045,
    sqlState: '28000',
    sqlMessage: "Access denied for user 'reynrel01'@'localhost' (using password: YES)",
    sql: undefined
  },
  exception: true,
  date: 'Thu May 29 2025 16:42:48 GMT+0530 (India Standard Time)',
  process: {
    pid: 10592,
    uid: null,
    gid: null,
    cwd: 'Z:\\Visual_Codes\\jagya_const\\backend',
    execPath: 'C:\\Program Files\\nodejs\\node.exe',
    version: 'v22.11.0',
    argv: [
      'C:\\Program Files\\nodejs\\node.exe',
      'Z:\\Visual_Codes\\jagya_const\\backend\\app.js'
    ],
    memoryUsage: {
      rss: 106438656,
      heapTotal: 72499200,
      heapUsed: 41305704,
      external: 2346683,
      arrayBuffers: 29583
    }
  },
  os: { loadavg: [ 0, 0, 0 ], uptime: 8750.781 },
  trace: [
    {
      column: 17,
      file: 'Z:\\Visual_Codes\\jagya_const\\backend\\node_modules\\mysql2\\lib\\packets\\packet.js',
      function: 'Packet.asError',
      line: 740,
      method: 'asError',
      native: false
    },
    {
      column: 26,
      file: 'Z:\\Visual_Codes\\jagya_const\\backend\\node_modules\\mysql2\\lib\\commands\\command.js',
      function: 'ClientHandshake.execute',
      line: 29,
      method: 'execute',
      native: false
    },
    {
      column: 34,
      file: 'Z:\\Visual_Codes\\jagya_const\\backend\\node_modules\\mysql2\\lib\\base\\connection.js',
      function: 'PoolConnection.handlePacket',
      line: 475,
      method: 'handlePacket',
      native: false
    },
    {
      column: 12,
      file: 'Z:\\Visual_Codes\\jagya_const\\backend\\node_modules\\mysql2\\lib\\base\\connection.js',
      function: 'PacketParser.onPacket',
      line: 93,
      method: 'onPacket',
      native: false
    },
    {
      column: 16,
      file: 'Z:\\Visual_Codes\\jagya_const\\backend\\node_modules\\mysql2\\lib\\packet_parser.js',
      function: 'PacketParser.executeStart',
      line: 75,
      method: 'executeStart',
      native: false
    },
    {
      column: 25,
      file: 'Z:\\Visual_Codes\\jagya_const\\backend\\node_modules\\mysql2\\lib\\base\\connection.js',
      function: null,
      line: 100,
      method: null,
      native: false
    },
    {
      column: 28,
      file: 'node:events',
      function: 'Socket.emit',
      line: 518,
      method: 'emit',
      native: false
    },
    {
      column: 12,
      file: 'node:internal/streams/readable',
      function: 'addChunk',
      line: 561,
      method: null,
      native: false
    },
    {
      column: 3,
      file: 'node:internal/streams/readable',
      function: 'readableAddChunkPushByteMode',
      line: 512,
      method: null,
      native: false
    },
    {
      column: 5,
      file: 'node:internal/streams/readable',
      function: 'Readable.push',
      line: 392,
      method: 'push',
      native: false
    }
  ],
  [Symbol(level)]: 'error'
}
2025-05-29 16:42:51 [ERROR] uncaughtException: Access denied for user 'reynrel01'@'localhost' (using password: YES)
Error: Access denied for user 'reynrel01'@'localhost' (using password: YES)
    at Packet.asError (Z:\Visual_Codes\jagya_const\backend\node_modules\mysql2\lib\packets\packet.js:740:17)
    at ClientHandshake.execute (Z:\Visual_Codes\jagya_const\backend\node_modules\mysql2\lib\commands\command.js:29:26)
    at PoolConnection.handlePacket (Z:\Visual_Codes\jagya_const\backend\node_modules\mysql2\lib\base\connection.js:475:34)
    at PacketParser.onPacket (Z:\Visual_Codes\jagya_const\backend\node_modules\mysql2\lib\base\connection.js:93:12)
    at PacketParser.executeStart (Z:\Visual_Codes\jagya_const\backend\node_modules\mysql2\lib\packet_parser.js:75:16)
    at Socket.<anonymous> (Z:\Visual_Codes\jagya_const\backend\node_modules\mysql2\lib\base\connection.js:100:25)
    at Socket.emit (node:events:518:28)
    at addChunk (node:internal/streams/readable:561:12)
    at readableAddChunkPushByteMode (node:internal/streams/readable:512:3)
    at Readable.push (node:internal/streams/readable:392:5)
Error: Access denied for user 'reynrel01'@'localhost' (using password: YES)
    at Packet.asError (Z:\Visual_Codes\jagya_const\backend\node_modules\mysql2\lib\packets\packet.js:740:17)
    at ClientHandshake.execute (Z:\Visual_Codes\jagya_const\backend\node_modules\mysql2\lib\commands\command.js:29:26)
    at PoolConnection.handlePacket (Z:\Visual_Codes\jagya_const\backend\node_modules\mysql2\lib\base\connection.js:475:34)
    at PacketParser.onPacket (Z:\Visual_Codes\jagya_const\backend\node_modules\mysql2\lib\base\connection.js:93:12)
    at PacketParser.executeStart (Z:\Visual_Codes\jagya_const\backend\node_modules\mysql2\lib\packet_parser.js:75:16)
    at Socket.<anonymous> (Z:\Visual_Codes\jagya_const\backend\node_modules\mysql2\lib\base\connection.js:100:25)
    at Socket.emit (node:events:518:28)
    at addChunk (node:internal/streams/readable:561:12)
    at readableAddChunkPushByteMode (node:internal/streams/readable:512:3)
    at Readable.push (node:internal/streams/readable:392:5)
{
  error: Error: Access denied for user 'reynrel01'@'localhost' (using password: YES)
      at Packet.asError (Z:\Visual_Codes\jagya_const\backend\node_modules\mysql2\lib\packets\packet.js:740:17)
      at ClientHandshake.execute (Z:\Visual_Codes\jagya_const\backend\node_modules\mysql2\lib\commands\command.js:29:26)
      at PoolConnection.handlePacket (Z:\Visual_Codes\jagya_const\backend\node_modules\mysql2\lib\base\connection.js:475:34)
      at PacketParser.onPacket (Z:\Visual_Codes\jagya_const\backend\node_modules\mysql2\lib\base\connection.js:93:12)
      at PacketParser.executeStart (Z:\Visual_Codes\jagya_const\backend\node_modules\mysql2\lib\packet_parser.js:75:16)
      at Socket.<anonymous> (Z:\Visual_Codes\jagya_const\backend\node_modules\mysql2\lib\base\connection.js:100:25)
      at Socket.emit (node:events:518:28)
      at addChunk (node:internal/streams/readable:561:12)
      at readableAddChunkPushByteMode (node:internal/streams/readable:512:3)
      at Readable.push (node:internal/streams/readable:392:5) {
    code: 'ER_ACCESS_DENIED_ERROR',
    errno: 1045,
    sqlState: '28000',
    sqlMessage: "Access denied for user 'reynrel01'@'localhost' (using password: YES)",
    sql: undefined
  },
  exception: true,
  date: 'Thu May 29 2025 16:42:51 GMT+0530 (India Standard Time)',
  process: {
    pid: 9148,
    uid: null,
    gid: null,
    cwd: 'Z:\\Visual_Codes\\jagya_const\\backend',
    execPath: 'C:\\Program Files\\nodejs\\node.exe',
    version: 'v22.11.0',
    argv: [
      'C:\\Program Files\\nodejs\\node.exe',
      'Z:\\Visual_Codes\\jagya_const\\backend\\app.js'
    ],
    memoryUsage: {
      rss: 106708992,
      heapTotal: 72556544,
      heapUsed: 41241312,
      external: 2346681,
      arrayBuffers: 29581
    }
  },
  os: { loadavg: [ 0, 0, 0 ], uptime: 8753.703 },
  trace: [
    {
      column: 17,
      file: 'Z:\\Visual_Codes\\jagya_const\\backend\\node_modules\\mysql2\\lib\\packets\\packet.js',
      function: 'Packet.asError',
      line: 740,
      method: 'asError',
      native: false
    },
    {
      column: 26,
      file: 'Z:\\Visual_Codes\\jagya_const\\backend\\node_modules\\mysql2\\lib\\commands\\command.js',
      function: 'ClientHandshake.execute',
      line: 29,
      method: 'execute',
      native: false
    },
    {
      column: 34,
      file: 'Z:\\Visual_Codes\\jagya_const\\backend\\node_modules\\mysql2\\lib\\base\\connection.js',
      function: 'PoolConnection.handlePacket',
      line: 475,
      method: 'handlePacket',
      native: false
    },
    {
      column: 12,
      file: 'Z:\\Visual_Codes\\jagya_const\\backend\\node_modules\\mysql2\\lib\\base\\connection.js',
      function: 'PacketParser.onPacket',
      line: 93,
      method: 'onPacket',
      native: false
    },
    {
      column: 16,
      file: 'Z:\\Visual_Codes\\jagya_const\\backend\\node_modules\\mysql2\\lib\\packet_parser.js',
      function: 'PacketParser.executeStart',
      line: 75,
      method: 'executeStart',
      native: false
    },
    {
      column: 25,
      file: 'Z:\\Visual_Codes\\jagya_const\\backend\\node_modules\\mysql2\\lib\\base\\connection.js',
      function: null,
      line: 100,
      method: null,
      native: false
    },
    {
      column: 28,
      file: 'node:events',
      function: 'Socket.emit',
      line: 518,
      method: 'emit',
      native: false
    },
    {
      column: 12,
      file: 'node:internal/streams/readable',
      function: 'addChunk',
      line: 561,
      method: null,
      native: false
    },
    {
      column: 3,
      file: 'node:internal/streams/readable',
      function: 'readableAddChunkPushByteMode',
      line: 512,
      method: null,
      native: false
    },
    {
      column: 5,
      file: 'node:internal/streams/readable',
      function: 'Readable.push',
      line: 392,
      method: 'push',
      native: false
    }
  ],
  [Symbol(level)]: 'error'
}
2025-05-29 16:43:36 [ERROR] uncaughtException: Access denied for user 'reynrel01'@'localhost' (using password: YES)
Error: Access denied for user 'reynrel01'@'localhost' (using password: YES)
    at Packet.asError (Z:\Visual_Codes\jagya_const\backend\node_modules\mysql2\lib\packets\packet.js:740:17)
    at ClientHandshake.execute (Z:\Visual_Codes\jagya_const\backend\node_modules\mysql2\lib\commands\command.js:29:26)
    at PoolConnection.handlePacket (Z:\Visual_Codes\jagya_const\backend\node_modules\mysql2\lib\base\connection.js:475:34)
    at PacketParser.onPacket (Z:\Visual_Codes\jagya_const\backend\node_modules\mysql2\lib\base\connection.js:93:12)
    at PacketParser.executeStart (Z:\Visual_Codes\jagya_const\backend\node_modules\mysql2\lib\packet_parser.js:75:16)
    at Socket.<anonymous> (Z:\Visual_Codes\jagya_const\backend\node_modules\mysql2\lib\base\connection.js:100:25)
    at Socket.emit (node:events:518:28)
    at addChunk (node:internal/streams/readable:561:12)
    at readableAddChunkPushByteMode (node:internal/streams/readable:512:3)
    at Readable.push (node:internal/streams/readable:392:5)
Error: Access denied for user 'reynrel01'@'localhost' (using password: YES)
    at Packet.asError (Z:\Visual_Codes\jagya_const\backend\node_modules\mysql2\lib\packets\packet.js:740:17)
    at ClientHandshake.execute (Z:\Visual_Codes\jagya_const\backend\node_modules\mysql2\lib\commands\command.js:29:26)
    at PoolConnection.handlePacket (Z:\Visual_Codes\jagya_const\backend\node_modules\mysql2\lib\base\connection.js:475:34)
    at PacketParser.onPacket (Z:\Visual_Codes\jagya_const\backend\node_modules\mysql2\lib\base\connection.js:93:12)
    at PacketParser.executeStart (Z:\Visual_Codes\jagya_const\backend\node_modules\mysql2\lib\packet_parser.js:75:16)
    at Socket.<anonymous> (Z:\Visual_Codes\jagya_const\backend\node_modules\mysql2\lib\base\connection.js:100:25)
    at Socket.emit (node:events:518:28)
    at addChunk (node:internal/streams/readable:561:12)
    at readableAddChunkPushByteMode (node:internal/streams/readable:512:3)
    at Readable.push (node:internal/streams/readable:392:5)
{
  error: Error: Access denied for user 'reynrel01'@'localhost' (using password: YES)
      at Packet.asError (Z:\Visual_Codes\jagya_const\backend\node_modules\mysql2\lib\packets\packet.js:740:17)
      at ClientHandshake.execute (Z:\Visual_Codes\jagya_const\backend\node_modules\mysql2\lib\commands\command.js:29:26)
      at PoolConnection.handlePacket (Z:\Visual_Codes\jagya_const\backend\node_modules\mysql2\lib\base\connection.js:475:34)
      at PacketParser.onPacket (Z:\Visual_Codes\jagya_const\backend\node_modules\mysql2\lib\base\connection.js:93:12)
      at PacketParser.executeStart (Z:\Visual_Codes\jagya_const\backend\node_modules\mysql2\lib\packet_parser.js:75:16)
      at Socket.<anonymous> (Z:\Visual_Codes\jagya_const\backend\node_modules\mysql2\lib\base\connection.js:100:25)
      at Socket.emit (node:events:518:28)
      at addChunk (node:internal/streams/readable:561:12)
      at readableAddChunkPushByteMode (node:internal/streams/readable:512:3)
      at Readable.push (node:internal/streams/readable:392:5) {
    code: 'ER_ACCESS_DENIED_ERROR',
    errno: 1045,
    sqlState: '28000',
    sqlMessage: "Access denied for user 'reynrel01'@'localhost' (using password: YES)",
    sql: undefined
  },
  exception: true,
  date: 'Thu May 29 2025 16:43:36 GMT+0530 (India Standard Time)',
  process: {
    pid: 10164,
    uid: null,
    gid: null,
    cwd: 'Z:\\Visual_Codes\\jagya_const\\backend',
    execPath: 'C:\\Program Files\\nodejs\\node.exe',
    version: 'v22.11.0',
    argv: [
      'C:\\Program Files\\nodejs\\node.exe',
      'Z:\\Visual_Codes\\jagya_const\\backend\\app.js'
    ],
    memoryUsage: {
      rss: 106201088,
      heapTotal: 71770112,
      heapUsed: 41106080,
      external: 2346683,
      arrayBuffers: 29583
    }
  },
  os: { loadavg: [ 0, 0, 0 ], uptime: 8799.453 },
  trace: [
    {
      column: 17,
      file: 'Z:\\Visual_Codes\\jagya_const\\backend\\node_modules\\mysql2\\lib\\packets\\packet.js',
      function: 'Packet.asError',
      line: 740,
      method: 'asError',
      native: false
    },
    {
      column: 26,
      file: 'Z:\\Visual_Codes\\jagya_const\\backend\\node_modules\\mysql2\\lib\\commands\\command.js',
      function: 'ClientHandshake.execute',
      line: 29,
      method: 'execute',
      native: false
    },
    {
      column: 34,
      file: 'Z:\\Visual_Codes\\jagya_const\\backend\\node_modules\\mysql2\\lib\\base\\connection.js',
      function: 'PoolConnection.handlePacket',
      line: 475,
      method: 'handlePacket',
      native: false
    },
    {
      column: 12,
      file: 'Z:\\Visual_Codes\\jagya_const\\backend\\node_modules\\mysql2\\lib\\base\\connection.js',
      function: 'PacketParser.onPacket',
      line: 93,
      method: 'onPacket',
      native: false
    },
    {
      column: 16,
      file: 'Z:\\Visual_Codes\\jagya_const\\backend\\node_modules\\mysql2\\lib\\packet_parser.js',
      function: 'PacketParser.executeStart',
      line: 75,
      method: 'executeStart',
      native: false
    },
    {
      column: 25,
      file: 'Z:\\Visual_Codes\\jagya_const\\backend\\node_modules\\mysql2\\lib\\base\\connection.js',
      function: null,
      line: 100,
      method: null,
      native: false
    },
    {
      column: 28,
      file: 'node:events',
      function: 'Socket.emit',
      line: 518,
      method: 'emit',
      native: false
    },
    {
      column: 12,
      file: 'node:internal/streams/readable',
      function: 'addChunk',
      line: 561,
      method: null,
      native: false
    },
    {
      column: 3,
      file: 'node:internal/streams/readable',
      function: 'readableAddChunkPushByteMode',
      line: 512,
      method: null,
      native: false
    },
    {
      column: 5,
      file: 'node:internal/streams/readable',
      function: 'Readable.push',
      line: 392,
      method: 'push',
      native: false
    }
  ],
  [Symbol(level)]: 'error'
}
<<<<<<< HEAD
2025-07-12 12:16:48 [ERROR] uncaughtException: listen EADDRINUSE: address already in use :::3500
Error: listen EADDRINUSE: address already in use :::3500
    at Server.setupListenHandle [as _listen2] (node:net:1912:16)
    at listenInCluster (node:net:1969:12)
    at Server.listen (node:net:2074:7)
    at Function.listen (M:\jagya-contruction\jagya_const\backend\node_modules\express\lib\application.js:635:24)
    at Object.<anonymous> (M:\jagya-contruction\jagya_const\backend\app.js:65:5)
    at Module._compile (node:internal/modules/cjs/loader:1565:14)
    at Object..js (node:internal/modules/cjs/loader:1708:10)
    at Module.load (node:internal/modules/cjs/loader:1318:32)
    at Function._load (node:internal/modules/cjs/loader:1128:12)
    at TracingChannel.traceSync (node:diagnostics_channel:322:14)
Error: listen EADDRINUSE: address already in use :::3500
    at Server.setupListenHandle [as _listen2] (node:net:1912:16)
    at listenInCluster (node:net:1969:12)
    at Server.listen (node:net:2074:7)
    at Function.listen (M:\jagya-contruction\jagya_const\backend\node_modules\express\lib\application.js:635:24)
    at Object.<anonymous> (M:\jagya-contruction\jagya_const\backend\app.js:65:5)
    at Module._compile (node:internal/modules/cjs/loader:1565:14)
    at Object..js (node:internal/modules/cjs/loader:1708:10)
    at Module.load (node:internal/modules/cjs/loader:1318:32)
    at Function._load (node:internal/modules/cjs/loader:1128:12)
    at TracingChannel.traceSync (node:diagnostics_channel:322:14)
{
  error: Error: listen EADDRINUSE: address already in use :::3500
      at Server.setupListenHandle [as _listen2] (node:net:1912:16)
      at listenInCluster (node:net:1969:12)
      at Server.listen (node:net:2074:7)
      at Function.listen (M:\jagya-contruction\jagya_const\backend\node_modules\express\lib\application.js:635:24)
      at Object.<anonymous> (M:\jagya-contruction\jagya_const\backend\app.js:65:5)
      at Module._compile (node:internal/modules/cjs/loader:1565:14)
      at Object..js (node:internal/modules/cjs/loader:1708:10)
      at Module.load (node:internal/modules/cjs/loader:1318:32)
      at Function._load (node:internal/modules/cjs/loader:1128:12)
      at TracingChannel.traceSync (node:diagnostics_channel:322:14) {
    code: 'EADDRINUSE',
    errno: -4091,
    syscall: 'listen',
    address: '::',
    port: 3500
  },
  exception: true,
  date: 'Sat Jul 12 2025 12:16:48 GMT+0530 (India Standard Time)',
  process: {
    pid: 28140,
    uid: null,
    gid: null,
    cwd: 'M:\\jagya-contruction\\jagya_const\\backend',
    execPath: 'C:\\Program Files\\nodejs\\node.exe',
    version: 'v22.12.0',
    argv: [
      'C:\\Program Files\\nodejs\\node.exe',
      'M:\\jagya-contruction\\jagya_const\\backend\\app.js'
    ],
    memoryUsage: {
      rss: 111022080,
      heapTotal: 69922816,
      heapUsed: 50419784,
      external: 2357532,
      arrayBuffers: 21664
    }
  },
  os: { loadavg: [ 0, 0, 0 ], uptime: 130933.171 },
  trace: [
    {
      column: 16,
      file: 'node:net',
      function: 'Server.setupListenHandle [as _listen2]',
      line: 1912,
      method: 'setupListenHandle [as _listen2]',
      native: false
    },
    {
      column: 12,
      file: 'node:net',
      function: 'listenInCluster',
      line: 1969,
      method: null,
      native: false
    },
    {
      column: 7,
      file: 'node:net',
      function: 'Server.listen',
      line: 2074,
      method: 'listen',
      native: false
    },
    {
      column: 24,
      file: 'M:\\jagya-contruction\\jagya_const\\backend\\node_modules\\express\\lib\\application.js',
      function: 'Function.listen',
      line: 635,
      method: 'listen',
      native: false
    },
    {
      column: 5,
      file: 'M:\\jagya-contruction\\jagya_const\\backend\\app.js',
      function: null,
      line: 65,
=======
2025-06-23 19:10:14 [ERROR] uncaughtException: print is not defined
ReferenceError: print is not defined
    at Object.<anonymous> (Z:\Visual_Codes\jagya_const\backend\app.js:61:27)
    at Module._compile (node:internal/modules/cjs/loader:1546:14)
    at Object..js (node:internal/modules/cjs/loader:1689:10)
    at Module.load (node:internal/modules/cjs/loader:1318:32)
    at Function._load (node:internal/modules/cjs/loader:1128:12)
    at TracingChannel.traceSync (node:diagnostics_channel:315:14)
    at wrapModuleLoad (node:internal/modules/cjs/loader:218:24)
    at Function.executeUserEntryPoint [as runMain] (node:internal/modules/run_main:170:5)
    at node:internal/main/run_main_module:36:49
ReferenceError: print is not defined
    at Object.<anonymous> (Z:\Visual_Codes\jagya_const\backend\app.js:61:27)
    at Module._compile (node:internal/modules/cjs/loader:1546:14)
    at Object..js (node:internal/modules/cjs/loader:1689:10)
    at Module.load (node:internal/modules/cjs/loader:1318:32)
    at Function._load (node:internal/modules/cjs/loader:1128:12)
    at TracingChannel.traceSync (node:diagnostics_channel:315:14)
    at wrapModuleLoad (node:internal/modules/cjs/loader:218:24)
    at Function.executeUserEntryPoint [as runMain] (node:internal/modules/run_main:170:5)
    at node:internal/main/run_main_module:36:49
{
  error: ReferenceError: print is not defined
      at Object.<anonymous> (Z:\Visual_Codes\jagya_const\backend\app.js:61:27)
      at Module._compile (node:internal/modules/cjs/loader:1546:14)
      at Object..js (node:internal/modules/cjs/loader:1689:10)
      at Module.load (node:internal/modules/cjs/loader:1318:32)
      at Function._load (node:internal/modules/cjs/loader:1128:12)
      at TracingChannel.traceSync (node:diagnostics_channel:315:14)
      at wrapModuleLoad (node:internal/modules/cjs/loader:218:24)
      at Function.executeUserEntryPoint [as runMain] (node:internal/modules/run_main:170:5)
      at node:internal/main/run_main_module:36:49,
  exception: true,
  date: 'Mon Jun 23 2025 19:10:14 GMT+0530 (India Standard Time)',
  process: {
    pid: 9372,
    uid: null,
    gid: null,
    cwd: 'Z:\\Visual_Codes\\jagya_const\\backend',
    execPath: 'C:\\Program Files\\nodejs\\node.exe',
    version: 'v22.11.0',
    argv: [
      'C:\\Program Files\\nodejs\\node.exe',
      'Z:\\Visual_Codes\\jagya_const\\backend\\app.js'
    ],
    memoryUsage: {
      rss: 106807296,
      heapTotal: 69672960,
      heapUsed: 49206984,
      external: 2318336,
      arrayBuffers: 21664
    }
  },
  os: { loadavg: [ 0, 0, 0 ], uptime: 200209.265 },
  trace: [
    {
      column: 27,
      file: 'Z:\\Visual_Codes\\jagya_const\\backend\\app.js',
      function: null,
      line: 61,
>>>>>>> 68f5c959ab190cacb55dff700dc2ed2b4d08143c
      method: null,
      native: false
    },
    {
      column: 14,
      file: 'node:internal/modules/cjs/loader',
      function: 'Module._compile',
<<<<<<< HEAD
      line: 1565,
=======
      line: 1546,
>>>>>>> 68f5c959ab190cacb55dff700dc2ed2b4d08143c
      method: '_compile',
      native: false
    },
    {
      column: 10,
      file: 'node:internal/modules/cjs/loader',
      function: 'Object..js',
<<<<<<< HEAD
      line: 1708,
=======
      line: 1689,
>>>>>>> 68f5c959ab190cacb55dff700dc2ed2b4d08143c
      method: '.js',
      native: false
    },
    {
      column: 32,
      file: 'node:internal/modules/cjs/loader',
      function: 'Module.load',
      line: 1318,
      method: 'load',
      native: false
    },
    {
      column: 12,
      file: 'node:internal/modules/cjs/loader',
      function: 'Function._load',
      line: 1128,
      method: '_load',
      native: false
    },
    {
      column: 14,
      file: 'node:diagnostics_channel',
      function: 'TracingChannel.traceSync',
<<<<<<< HEAD
      line: 322,
      method: 'traceSync',
      native: false
=======
      line: 315,
      method: 'traceSync',
      native: false
    },
    {
      column: 24,
      file: 'node:internal/modules/cjs/loader',
      function: 'wrapModuleLoad',
      line: 218,
      method: null,
      native: false
    },
    {
      column: 5,
      file: 'node:internal/modules/run_main',
      function: 'Function.executeUserEntryPoint [as runMain]',
      line: 170,
      method: 'executeUserEntryPoint [as runMain]',
      native: false
    },
    {
      column: 49,
      file: 'node:internal/main/run_main_module',
      function: null,
      line: 36,
      method: null,
      native: false
>>>>>>> 68f5c959ab190cacb55dff700dc2ed2b4d08143c
    }
  ],
  [Symbol(level)]: 'error'
}
2025-07-12 12:20:17 [ERROR] uncaughtException: listen EADDRINUSE: address already in use :::3500
Error: listen EADDRINUSE: address already in use :::3500
    at Server.setupListenHandle [as _listen2] (node:net:1912:16)
    at listenInCluster (node:net:1969:12)
    at Server.listen (node:net:2074:7)
    at Function.listen (M:\jagya-contruction\jagya_const\backend\node_modules\express\lib\application.js:635:24)
    at Object.<anonymous> (M:\jagya-contruction\jagya_const\backend\app.js:65:5)
    at Module._compile (node:internal/modules/cjs/loader:1565:14)
    at Object..js (node:internal/modules/cjs/loader:1708:10)
    at Module.load (node:internal/modules/cjs/loader:1318:32)
    at Function._load (node:internal/modules/cjs/loader:1128:12)
    at TracingChannel.traceSync (node:diagnostics_channel:322:14)
Error: listen EADDRINUSE: address already in use :::3500
    at Server.setupListenHandle [as _listen2] (node:net:1912:16)
    at listenInCluster (node:net:1969:12)
    at Server.listen (node:net:2074:7)
    at Function.listen (M:\jagya-contruction\jagya_const\backend\node_modules\express\lib\application.js:635:24)
    at Object.<anonymous> (M:\jagya-contruction\jagya_const\backend\app.js:65:5)
    at Module._compile (node:internal/modules/cjs/loader:1565:14)
    at Object..js (node:internal/modules/cjs/loader:1708:10)
    at Module.load (node:internal/modules/cjs/loader:1318:32)
    at Function._load (node:internal/modules/cjs/loader:1128:12)
    at TracingChannel.traceSync (node:diagnostics_channel:322:14)
{
  error: Error: listen EADDRINUSE: address already in use :::3500
      at Server.setupListenHandle [as _listen2] (node:net:1912:16)
      at listenInCluster (node:net:1969:12)
      at Server.listen (node:net:2074:7)
      at Function.listen (M:\jagya-contruction\jagya_const\backend\node_modules\express\lib\application.js:635:24)
      at Object.<anonymous> (M:\jagya-contruction\jagya_const\backend\app.js:65:5)
      at Module._compile (node:internal/modules/cjs/loader:1565:14)
      at Object..js (node:internal/modules/cjs/loader:1708:10)
      at Module.load (node:internal/modules/cjs/loader:1318:32)
      at Function._load (node:internal/modules/cjs/loader:1128:12)
      at TracingChannel.traceSync (node:diagnostics_channel:322:14) {
    code: 'EADDRINUSE',
    errno: -4091,
    syscall: 'listen',
    address: '::',
    port: 3500
  },
  exception: true,
  date: 'Sat Jul 12 2025 12:20:17 GMT+0530 (India Standard Time)',
  process: {
    pid: 25672,
    uid: null,
    gid: null,
    cwd: 'M:\\jagya-contruction\\jagya_const\\backend',
    execPath: 'C:\\Program Files\\nodejs\\node.exe',
    version: 'v22.12.0',
    argv: [
      'C:\\Program Files\\nodejs\\node.exe',
      'M:\\jagya-contruction\\jagya_const\\backend\\app.js'
    ],
    memoryUsage: {
      rss: 110788608,
      heapTotal: 69718016,
      heapUsed: 50662352,
      external: 2358768,
      arrayBuffers: 21664
    }
  },
  os: { loadavg: [ 0, 0, 0 ], uptime: 131142.828 },
  trace: [
    {
      column: 16,
      file: 'node:net',
      function: 'Server.setupListenHandle [as _listen2]',
      line: 1912,
      method: 'setupListenHandle [as _listen2]',
      native: false
    },
    {
      column: 12,
      file: 'node:net',
      function: 'listenInCluster',
      line: 1969,
      method: null,
      native: false
    },
    {
      column: 7,
      file: 'node:net',
      function: 'Server.listen',
      line: 2074,
      method: 'listen',
      native: false
    },
    {
      column: 24,
      file: 'M:\\jagya-contruction\\jagya_const\\backend\\node_modules\\express\\lib\\application.js',
      function: 'Function.listen',
      line: 635,
      method: 'listen',
      native: false
    },
    {
      column: 5,
      file: 'M:\\jagya-contruction\\jagya_const\\backend\\app.js',
      function: null,
      line: 65,
      method: null,
      native: false
    },
    {
      column: 14,
      file: 'node:internal/modules/cjs/loader',
      function: 'Module._compile',
      line: 1565,
      method: '_compile',
      native: false
    },
    {
      column: 10,
      file: 'node:internal/modules/cjs/loader',
      function: 'Object..js',
      line: 1708,
      method: '.js',
      native: false
    },
    {
      column: 32,
      file: 'node:internal/modules/cjs/loader',
      function: 'Module.load',
      line: 1318,
      method: 'load',
      native: false
    },
    {
      column: 12,
      file: 'node:internal/modules/cjs/loader',
      function: 'Function._load',
      line: 1128,
      method: '_load',
      native: false
    },
    {
      column: 14,
      file: 'node:diagnostics_channel',
      function: 'TracingChannel.traceSync',
      line: 322,
      method: 'traceSync',
      native: false
    }
  ],
  [Symbol(level)]: 'error'
}
2025-07-12 12:20:52 [ERROR] uncaughtException: listen EADDRINUSE: address already in use :::3500
Error: listen EADDRINUSE: address already in use :::3500
    at Server.setupListenHandle [as _listen2] (node:net:1912:16)
    at listenInCluster (node:net:1969:12)
    at Server.listen (node:net:2074:7)
    at Function.listen (M:\jagya-contruction\jagya_const\backend\node_modules\express\lib\application.js:635:24)
    at Object.<anonymous> (M:\jagya-contruction\jagya_const\backend\app.js:65:5)
    at Module._compile (node:internal/modules/cjs/loader:1565:14)
    at Object..js (node:internal/modules/cjs/loader:1708:10)
    at Module.load (node:internal/modules/cjs/loader:1318:32)
    at Function._load (node:internal/modules/cjs/loader:1128:12)
    at TracingChannel.traceSync (node:diagnostics_channel:322:14)
Error: listen EADDRINUSE: address already in use :::3500
    at Server.setupListenHandle [as _listen2] (node:net:1912:16)
    at listenInCluster (node:net:1969:12)
    at Server.listen (node:net:2074:7)
    at Function.listen (M:\jagya-contruction\jagya_const\backend\node_modules\express\lib\application.js:635:24)
    at Object.<anonymous> (M:\jagya-contruction\jagya_const\backend\app.js:65:5)
    at Module._compile (node:internal/modules/cjs/loader:1565:14)
    at Object..js (node:internal/modules/cjs/loader:1708:10)
    at Module.load (node:internal/modules/cjs/loader:1318:32)
    at Function._load (node:internal/modules/cjs/loader:1128:12)
    at TracingChannel.traceSync (node:diagnostics_channel:322:14)
{
  error: Error: listen EADDRINUSE: address already in use :::3500
      at Server.setupListenHandle [as _listen2] (node:net:1912:16)
      at listenInCluster (node:net:1969:12)
      at Server.listen (node:net:2074:7)
      at Function.listen (M:\jagya-contruction\jagya_const\backend\node_modules\express\lib\application.js:635:24)
      at Object.<anonymous> (M:\jagya-contruction\jagya_const\backend\app.js:65:5)
      at Module._compile (node:internal/modules/cjs/loader:1565:14)
      at Object..js (node:internal/modules/cjs/loader:1708:10)
      at Module.load (node:internal/modules/cjs/loader:1318:32)
      at Function._load (node:internal/modules/cjs/loader:1128:12)
      at TracingChannel.traceSync (node:diagnostics_channel:322:14) {
    code: 'EADDRINUSE',
    errno: -4091,
    syscall: 'listen',
    address: '::',
    port: 3500
  },
  exception: true,
  date: 'Sat Jul 12 2025 12:20:52 GMT+0530 (India Standard Time)',
  process: {
    pid: 20380,
    uid: null,
    gid: null,
    cwd: 'M:\\jagya-contruction\\jagya_const\\backend',
    execPath: 'C:\\Program Files\\nodejs\\node.exe',
    version: 'v22.12.0',
    argv: [
      'C:\\Program Files\\nodejs\\node.exe',
      'M:\\jagya-contruction\\jagya_const\\backend\\app.js'
    ],
    memoryUsage: {
      rss: 111026176,
      heapTotal: 69718016,
      heapUsed: 50670624,
      external: 2358768,
      arrayBuffers: 21664
    }
  },
  os: { loadavg: [ 0, 0, 0 ], uptime: 131177.484 },
  trace: [
    {
      column: 16,
      file: 'node:net',
      function: 'Server.setupListenHandle [as _listen2]',
      line: 1912,
      method: 'setupListenHandle [as _listen2]',
      native: false
    },
    {
      column: 12,
      file: 'node:net',
      function: 'listenInCluster',
      line: 1969,
      method: null,
      native: false
    },
    {
      column: 7,
      file: 'node:net',
      function: 'Server.listen',
      line: 2074,
      method: 'listen',
      native: false
    },
    {
      column: 24,
      file: 'M:\\jagya-contruction\\jagya_const\\backend\\node_modules\\express\\lib\\application.js',
      function: 'Function.listen',
      line: 635,
      method: 'listen',
      native: false
    },
    {
      column: 5,
      file: 'M:\\jagya-contruction\\jagya_const\\backend\\app.js',
      function: null,
      line: 65,
      method: null,
      native: false
    },
    {
      column: 14,
      file: 'node:internal/modules/cjs/loader',
      function: 'Module._compile',
      line: 1565,
      method: '_compile',
      native: false
    },
    {
      column: 10,
      file: 'node:internal/modules/cjs/loader',
      function: 'Object..js',
      line: 1708,
      method: '.js',
      native: false
    },
    {
      column: 32,
      file: 'node:internal/modules/cjs/loader',
      function: 'Module.load',
      line: 1318,
      method: 'load',
      native: false
    },
    {
      column: 12,
      file: 'node:internal/modules/cjs/loader',
      function: 'Function._load',
      line: 1128,
      method: '_load',
      native: false
    },
    {
      column: 14,
      file: 'node:diagnostics_channel',
      function: 'TracingChannel.traceSync',
      line: 322,
      method: 'traceSync',
      native: false
    }
  ],
  [Symbol(level)]: 'error'
}
2025-07-12 12:21:26 [ERROR] uncaughtException: listen EADDRINUSE: address already in use :::3500
Error: listen EADDRINUSE: address already in use :::3500
    at Server.setupListenHandle [as _listen2] (node:net:1912:16)
    at listenInCluster (node:net:1969:12)
    at Server.listen (node:net:2074:7)
    at Function.listen (M:\jagya-contruction\jagya_const\backend\node_modules\express\lib\application.js:635:24)
    at Object.<anonymous> (M:\jagya-contruction\jagya_const\backend\app.js:65:5)
    at Module._compile (node:internal/modules/cjs/loader:1565:14)
    at Object..js (node:internal/modules/cjs/loader:1708:10)
    at Module.load (node:internal/modules/cjs/loader:1318:32)
    at Function._load (node:internal/modules/cjs/loader:1128:12)
    at TracingChannel.traceSync (node:diagnostics_channel:322:14)
Error: listen EADDRINUSE: address already in use :::3500
    at Server.setupListenHandle [as _listen2] (node:net:1912:16)
    at listenInCluster (node:net:1969:12)
    at Server.listen (node:net:2074:7)
    at Function.listen (M:\jagya-contruction\jagya_const\backend\node_modules\express\lib\application.js:635:24)
    at Object.<anonymous> (M:\jagya-contruction\jagya_const\backend\app.js:65:5)
    at Module._compile (node:internal/modules/cjs/loader:1565:14)
    at Object..js (node:internal/modules/cjs/loader:1708:10)
    at Module.load (node:internal/modules/cjs/loader:1318:32)
    at Function._load (node:internal/modules/cjs/loader:1128:12)
    at TracingChannel.traceSync (node:diagnostics_channel:322:14)
{
  error: Error: listen EADDRINUSE: address already in use :::3500
      at Server.setupListenHandle [as _listen2] (node:net:1912:16)
      at listenInCluster (node:net:1969:12)
      at Server.listen (node:net:2074:7)
      at Function.listen (M:\jagya-contruction\jagya_const\backend\node_modules\express\lib\application.js:635:24)
      at Object.<anonymous> (M:\jagya-contruction\jagya_const\backend\app.js:65:5)
      at Module._compile (node:internal/modules/cjs/loader:1565:14)
      at Object..js (node:internal/modules/cjs/loader:1708:10)
      at Module.load (node:internal/modules/cjs/loader:1318:32)
      at Function._load (node:internal/modules/cjs/loader:1128:12)
      at TracingChannel.traceSync (node:diagnostics_channel:322:14) {
    code: 'EADDRINUSE',
    errno: -4091,
    syscall: 'listen',
    address: '::',
    port: 3500
  },
  exception: true,
  date: 'Sat Jul 12 2025 12:21:26 GMT+0530 (India Standard Time)',
  process: {
    pid: 6800,
    uid: null,
    gid: null,
    cwd: 'M:\\jagya-contruction\\jagya_const\\backend',
    execPath: 'C:\\Program Files\\nodejs\\node.exe',
    version: 'v22.12.0',
    argv: [
      'C:\\Program Files\\nodejs\\node.exe',
      'M:\\jagya-contruction\\jagya_const\\backend\\app.js'
    ],
    memoryUsage: {
      rss: 111230976,
      heapTotal: 70184960,
      heapUsed: 51018624,
      external: 2358768,
      arrayBuffers: 21664
    }
  },
  os: { loadavg: [ 0, 0, 0 ], uptime: 131211.687 },
  trace: [
    {
      column: 16,
      file: 'node:net',
      function: 'Server.setupListenHandle [as _listen2]',
      line: 1912,
      method: 'setupListenHandle [as _listen2]',
      native: false
    },
    {
      column: 12,
      file: 'node:net',
      function: 'listenInCluster',
      line: 1969,
      method: null,
      native: false
    },
    {
      column: 7,
      file: 'node:net',
      function: 'Server.listen',
      line: 2074,
      method: 'listen',
      native: false
    },
    {
      column: 24,
      file: 'M:\\jagya-contruction\\jagya_const\\backend\\node_modules\\express\\lib\\application.js',
      function: 'Function.listen',
      line: 635,
      method: 'listen',
      native: false
    },
    {
      column: 5,
      file: 'M:\\jagya-contruction\\jagya_const\\backend\\app.js',
      function: null,
      line: 65,
      method: null,
      native: false
    },
    {
      column: 14,
      file: 'node:internal/modules/cjs/loader',
      function: 'Module._compile',
      line: 1565,
      method: '_compile',
      native: false
    },
    {
      column: 10,
      file: 'node:internal/modules/cjs/loader',
      function: 'Object..js',
      line: 1708,
      method: '.js',
      native: false
    },
    {
      column: 32,
      file: 'node:internal/modules/cjs/loader',
      function: 'Module.load',
      line: 1318,
      method: 'load',
      native: false
    },
    {
      column: 12,
      file: 'node:internal/modules/cjs/loader',
      function: 'Function._load',
      line: 1128,
      method: '_load',
      native: false
    },
    {
      column: 14,
      file: 'node:diagnostics_channel',
      function: 'TracingChannel.traceSync',
      line: 322,
      method: 'traceSync',
      native: false
    }
  ],
  [Symbol(level)]: 'error'
}
2025-07-12 12:21:49 [ERROR] uncaughtException: listen EADDRINUSE: address already in use :::3500
Error: listen EADDRINUSE: address already in use :::3500
    at Server.setupListenHandle [as _listen2] (node:net:1912:16)
    at listenInCluster (node:net:1969:12)
    at Server.listen (node:net:2074:7)
    at Function.listen (M:\jagya-contruction\jagya_const\backend\node_modules\express\lib\application.js:635:24)
    at Object.<anonymous> (M:\jagya-contruction\jagya_const\backend\app.js:65:5)
    at Module._compile (node:internal/modules/cjs/loader:1565:14)
    at Object..js (node:internal/modules/cjs/loader:1708:10)
    at Module.load (node:internal/modules/cjs/loader:1318:32)
    at Function._load (node:internal/modules/cjs/loader:1128:12)
    at TracingChannel.traceSync (node:diagnostics_channel:322:14)
Error: listen EADDRINUSE: address already in use :::3500
    at Server.setupListenHandle [as _listen2] (node:net:1912:16)
    at listenInCluster (node:net:1969:12)
    at Server.listen (node:net:2074:7)
    at Function.listen (M:\jagya-contruction\jagya_const\backend\node_modules\express\lib\application.js:635:24)
    at Object.<anonymous> (M:\jagya-contruction\jagya_const\backend\app.js:65:5)
    at Module._compile (node:internal/modules/cjs/loader:1565:14)
    at Object..js (node:internal/modules/cjs/loader:1708:10)
    at Module.load (node:internal/modules/cjs/loader:1318:32)
    at Function._load (node:internal/modules/cjs/loader:1128:12)
    at TracingChannel.traceSync (node:diagnostics_channel:322:14)
{
  error: Error: listen EADDRINUSE: address already in use :::3500
      at Server.setupListenHandle [as _listen2] (node:net:1912:16)
      at listenInCluster (node:net:1969:12)
      at Server.listen (node:net:2074:7)
      at Function.listen (M:\jagya-contruction\jagya_const\backend\node_modules\express\lib\application.js:635:24)
      at Object.<anonymous> (M:\jagya-contruction\jagya_const\backend\app.js:65:5)
      at Module._compile (node:internal/modules/cjs/loader:1565:14)
      at Object..js (node:internal/modules/cjs/loader:1708:10)
      at Module.load (node:internal/modules/cjs/loader:1318:32)
      at Function._load (node:internal/modules/cjs/loader:1128:12)
      at TracingChannel.traceSync (node:diagnostics_channel:322:14) {
    code: 'EADDRINUSE',
    errno: -4091,
    syscall: 'listen',
    address: '::',
    port: 3500
  },
  exception: true,
  date: 'Sat Jul 12 2025 12:21:49 GMT+0530 (India Standard Time)',
  process: {
    pid: 8836,
    uid: null,
    gid: null,
    cwd: 'M:\\jagya-contruction\\jagya_const\\backend',
    execPath: 'C:\\Program Files\\nodejs\\node.exe',
    version: 'v22.12.0',
    argv: [
      'C:\\Program Files\\nodejs\\node.exe',
      'M:\\jagya-contruction\\jagya_const\\backend\\app.js'
    ],
    memoryUsage: {
      rss: 112803840,
      heapTotal: 69718016,
      heapUsed: 50551000,
      external: 2358768,
      arrayBuffers: 21664
    }
  },
  os: { loadavg: [ 0, 0, 0 ], uptime: 131234.437 },
  trace: [
    {
      column: 16,
      file: 'node:net',
      function: 'Server.setupListenHandle [as _listen2]',
      line: 1912,
      method: 'setupListenHandle [as _listen2]',
      native: false
    },
    {
      column: 12,
      file: 'node:net',
      function: 'listenInCluster',
      line: 1969,
      method: null,
      native: false
    },
    {
      column: 7,
      file: 'node:net',
      function: 'Server.listen',
      line: 2074,
      method: 'listen',
      native: false
    },
    {
      column: 24,
      file: 'M:\\jagya-contruction\\jagya_const\\backend\\node_modules\\express\\lib\\application.js',
      function: 'Function.listen',
      line: 635,
      method: 'listen',
      native: false
    },
    {
      column: 5,
      file: 'M:\\jagya-contruction\\jagya_const\\backend\\app.js',
      function: null,
      line: 65,
      method: null,
      native: false
    },
    {
      column: 14,
      file: 'node:internal/modules/cjs/loader',
      function: 'Module._compile',
      line: 1565,
      method: '_compile',
      native: false
    },
    {
      column: 10,
      file: 'node:internal/modules/cjs/loader',
      function: 'Object..js',
      line: 1708,
      method: '.js',
      native: false
    },
    {
      column: 32,
      file: 'node:internal/modules/cjs/loader',
      function: 'Module.load',
      line: 1318,
      method: 'load',
      native: false
    },
    {
      column: 12,
      file: 'node:internal/modules/cjs/loader',
      function: 'Function._load',
      line: 1128,
      method: '_load',
      native: false
    },
    {
      column: 14,
      file: 'node:diagnostics_channel',
      function: 'TracingChannel.traceSync',
      line: 322,
      method: 'traceSync',
      native: false
    }
  ],
  [Symbol(level)]: 'error'
}
2025-07-12 12:22:05 [ERROR] uncaughtException: listen EADDRINUSE: address already in use :::3500
Error: listen EADDRINUSE: address already in use :::3500
    at Server.setupListenHandle [as _listen2] (node:net:1912:16)
    at listenInCluster (node:net:1969:12)
    at Server.listen (node:net:2074:7)
    at Function.listen (M:\jagya-contruction\jagya_const\backend\node_modules\express\lib\application.js:635:24)
    at Object.<anonymous> (M:\jagya-contruction\jagya_const\backend\app.js:65:5)
    at Module._compile (node:internal/modules/cjs/loader:1565:14)
    at Object..js (node:internal/modules/cjs/loader:1708:10)
    at Module.load (node:internal/modules/cjs/loader:1318:32)
    at Function._load (node:internal/modules/cjs/loader:1128:12)
    at TracingChannel.traceSync (node:diagnostics_channel:322:14)
Error: listen EADDRINUSE: address already in use :::3500
    at Server.setupListenHandle [as _listen2] (node:net:1912:16)
    at listenInCluster (node:net:1969:12)
    at Server.listen (node:net:2074:7)
    at Function.listen (M:\jagya-contruction\jagya_const\backend\node_modules\express\lib\application.js:635:24)
    at Object.<anonymous> (M:\jagya-contruction\jagya_const\backend\app.js:65:5)
    at Module._compile (node:internal/modules/cjs/loader:1565:14)
    at Object..js (node:internal/modules/cjs/loader:1708:10)
    at Module.load (node:internal/modules/cjs/loader:1318:32)
    at Function._load (node:internal/modules/cjs/loader:1128:12)
    at TracingChannel.traceSync (node:diagnostics_channel:322:14)
{
  error: Error: listen EADDRINUSE: address already in use :::3500
      at Server.setupListenHandle [as _listen2] (node:net:1912:16)
      at listenInCluster (node:net:1969:12)
      at Server.listen (node:net:2074:7)
      at Function.listen (M:\jagya-contruction\jagya_const\backend\node_modules\express\lib\application.js:635:24)
      at Object.<anonymous> (M:\jagya-contruction\jagya_const\backend\app.js:65:5)
      at Module._compile (node:internal/modules/cjs/loader:1565:14)
      at Object..js (node:internal/modules/cjs/loader:1708:10)
      at Module.load (node:internal/modules/cjs/loader:1318:32)
      at Function._load (node:internal/modules/cjs/loader:1128:12)
      at TracingChannel.traceSync (node:diagnostics_channel:322:14) {
    code: 'EADDRINUSE',
    errno: -4091,
    syscall: 'listen',
    address: '::',
    port: 3500
  },
  exception: true,
  date: 'Sat Jul 12 2025 12:22:05 GMT+0530 (India Standard Time)',
  process: {
    pid: 16836,
    uid: null,
    gid: null,
    cwd: 'M:\\jagya-contruction\\jagya_const\\backend',
    execPath: 'C:\\Program Files\\nodejs\\node.exe',
    version: 'v22.12.0',
    argv: [
      'C:\\Program Files\\nodejs\\node.exe',
      'M:\\jagya-contruction\\jagya_const\\backend\\app.js'
    ],
    memoryUsage: {
      rss: 111501312,
      heapTotal: 69980160,
      heapUsed: 50668304,
      external: 2358768,
      arrayBuffers: 21664
    }
  },
  os: { loadavg: [ 0, 0, 0 ], uptime: 131250.187 },
  trace: [
    {
      column: 16,
      file: 'node:net',
      function: 'Server.setupListenHandle [as _listen2]',
      line: 1912,
      method: 'setupListenHandle [as _listen2]',
      native: false
    },
    {
      column: 12,
      file: 'node:net',
      function: 'listenInCluster',
      line: 1969,
      method: null,
      native: false
    },
    {
      column: 7,
      file: 'node:net',
      function: 'Server.listen',
      line: 2074,
      method: 'listen',
      native: false
    },
    {
      column: 24,
      file: 'M:\\jagya-contruction\\jagya_const\\backend\\node_modules\\express\\lib\\application.js',
      function: 'Function.listen',
      line: 635,
      method: 'listen',
      native: false
    },
    {
      column: 5,
      file: 'M:\\jagya-contruction\\jagya_const\\backend\\app.js',
      function: null,
      line: 65,
      method: null,
      native: false
    },
    {
      column: 14,
      file: 'node:internal/modules/cjs/loader',
      function: 'Module._compile',
      line: 1565,
      method: '_compile',
      native: false
    },
    {
      column: 10,
      file: 'node:internal/modules/cjs/loader',
      function: 'Object..js',
      line: 1708,
      method: '.js',
      native: false
    },
    {
      column: 32,
      file: 'node:internal/modules/cjs/loader',
      function: 'Module.load',
      line: 1318,
      method: 'load',
      native: false
    },
    {
      column: 12,
      file: 'node:internal/modules/cjs/loader',
      function: 'Function._load',
      line: 1128,
      method: '_load',
      native: false
    },
    {
      column: 14,
      file: 'node:diagnostics_channel',
      function: 'TracingChannel.traceSync',
      line: 322,
      method: 'traceSync',
      native: false
    }
  ],
  [Symbol(level)]: 'error'
}
2025-07-12 12:35:18 [ERROR] uncaughtException: listen EADDRINUSE: address already in use :::3500
Error: listen EADDRINUSE: address already in use :::3500
    at Server.setupListenHandle [as _listen2] (node:net:1912:16)
    at listenInCluster (node:net:1969:12)
    at Server.listen (node:net:2074:7)
    at Function.listen (M:\jagya-contruction\jagya_const\backend\node_modules\express\lib\application.js:635:24)
    at Object.<anonymous> (M:\jagya-contruction\jagya_const\backend\app.js:65:5)
    at Module._compile (node:internal/modules/cjs/loader:1565:14)
    at Object..js (node:internal/modules/cjs/loader:1708:10)
    at Module.load (node:internal/modules/cjs/loader:1318:32)
    at Function._load (node:internal/modules/cjs/loader:1128:12)
    at TracingChannel.traceSync (node:diagnostics_channel:322:14)
Error: listen EADDRINUSE: address already in use :::3500
    at Server.setupListenHandle [as _listen2] (node:net:1912:16)
    at listenInCluster (node:net:1969:12)
    at Server.listen (node:net:2074:7)
    at Function.listen (M:\jagya-contruction\jagya_const\backend\node_modules\express\lib\application.js:635:24)
    at Object.<anonymous> (M:\jagya-contruction\jagya_const\backend\app.js:65:5)
    at Module._compile (node:internal/modules/cjs/loader:1565:14)
    at Object..js (node:internal/modules/cjs/loader:1708:10)
    at Module.load (node:internal/modules/cjs/loader:1318:32)
    at Function._load (node:internal/modules/cjs/loader:1128:12)
    at TracingChannel.traceSync (node:diagnostics_channel:322:14)
{
  error: Error: listen EADDRINUSE: address already in use :::3500
      at Server.setupListenHandle [as _listen2] (node:net:1912:16)
      at listenInCluster (node:net:1969:12)
      at Server.listen (node:net:2074:7)
      at Function.listen (M:\jagya-contruction\jagya_const\backend\node_modules\express\lib\application.js:635:24)
      at Object.<anonymous> (M:\jagya-contruction\jagya_const\backend\app.js:65:5)
      at Module._compile (node:internal/modules/cjs/loader:1565:14)
      at Object..js (node:internal/modules/cjs/loader:1708:10)
      at Module.load (node:internal/modules/cjs/loader:1318:32)
      at Function._load (node:internal/modules/cjs/loader:1128:12)
      at TracingChannel.traceSync (node:diagnostics_channel:322:14) {
    code: 'EADDRINUSE',
    errno: -4091,
    syscall: 'listen',
    address: '::',
    port: 3500
  },
  exception: true,
  date: 'Sat Jul 12 2025 12:35:18 GMT+0530 (India Standard Time)',
  process: {
    pid: 30512,
    uid: null,
    gid: null,
    cwd: 'M:\\jagya-contruction\\jagya_const\\backend',
    execPath: 'C:\\Program Files\\nodejs\\node.exe',
    version: 'v22.12.0',
    argv: [
      'C:\\Program Files\\nodejs\\node.exe',
      'M:\\jagya-contruction\\jagya_const\\backend\\app.js'
    ],
    memoryUsage: {
      rss: 110911488,
      heapTotal: 69718016,
      heapUsed: 50799736,
      external: 2358768,
      arrayBuffers: 21664
    }
  },
  os: { loadavg: [ 0, 0, 0 ], uptime: 132043.375 },
  trace: [
    {
      column: 16,
      file: 'node:net',
      function: 'Server.setupListenHandle [as _listen2]',
      line: 1912,
      method: 'setupListenHandle [as _listen2]',
      native: false
    },
    {
      column: 12,
      file: 'node:net',
      function: 'listenInCluster',
      line: 1969,
      method: null,
      native: false
    },
    {
      column: 7,
      file: 'node:net',
      function: 'Server.listen',
      line: 2074,
      method: 'listen',
      native: false
    },
    {
      column: 24,
      file: 'M:\\jagya-contruction\\jagya_const\\backend\\node_modules\\express\\lib\\application.js',
      function: 'Function.listen',
      line: 635,
      method: 'listen',
      native: false
    },
    {
      column: 5,
      file: 'M:\\jagya-contruction\\jagya_const\\backend\\app.js',
      function: null,
      line: 65,
      method: null,
      native: false
    },
    {
      column: 14,
      file: 'node:internal/modules/cjs/loader',
      function: 'Module._compile',
      line: 1565,
      method: '_compile',
      native: false
    },
    {
      column: 10,
      file: 'node:internal/modules/cjs/loader',
      function: 'Object..js',
      line: 1708,
      method: '.js',
      native: false
    },
    {
      column: 32,
      file: 'node:internal/modules/cjs/loader',
      function: 'Module.load',
      line: 1318,
      method: 'load',
      native: false
    },
    {
      column: 12,
      file: 'node:internal/modules/cjs/loader',
      function: 'Function._load',
      line: 1128,
      method: '_load',
      native: false
    },
    {
      column: 14,
      file: 'node:diagnostics_channel',
      function: 'TracingChannel.traceSync',
      line: 322,
      method: 'traceSync',
      native: false
    }
  ],
  [Symbol(level)]: 'error'
}
2025-07-12 12:36:14 [ERROR] uncaughtException: listen EADDRINUSE: address already in use :::3500
Error: listen EADDRINUSE: address already in use :::3500
    at Server.setupListenHandle [as _listen2] (node:net:1912:16)
    at listenInCluster (node:net:1969:12)
    at Server.listen (node:net:2074:7)
    at Function.listen (M:\jagya-contruction\jagya_const\backend\node_modules\express\lib\application.js:635:24)
    at Object.<anonymous> (M:\jagya-contruction\jagya_const\backend\app.js:65:5)
    at Module._compile (node:internal/modules/cjs/loader:1565:14)
    at Object..js (node:internal/modules/cjs/loader:1708:10)
    at Module.load (node:internal/modules/cjs/loader:1318:32)
    at Function._load (node:internal/modules/cjs/loader:1128:12)
    at TracingChannel.traceSync (node:diagnostics_channel:322:14)
Error: listen EADDRINUSE: address already in use :::3500
    at Server.setupListenHandle [as _listen2] (node:net:1912:16)
    at listenInCluster (node:net:1969:12)
    at Server.listen (node:net:2074:7)
    at Function.listen (M:\jagya-contruction\jagya_const\backend\node_modules\express\lib\application.js:635:24)
    at Object.<anonymous> (M:\jagya-contruction\jagya_const\backend\app.js:65:5)
    at Module._compile (node:internal/modules/cjs/loader:1565:14)
    at Object..js (node:internal/modules/cjs/loader:1708:10)
    at Module.load (node:internal/modules/cjs/loader:1318:32)
    at Function._load (node:internal/modules/cjs/loader:1128:12)
    at TracingChannel.traceSync (node:diagnostics_channel:322:14)
{
  error: Error: listen EADDRINUSE: address already in use :::3500
      at Server.setupListenHandle [as _listen2] (node:net:1912:16)
      at listenInCluster (node:net:1969:12)
      at Server.listen (node:net:2074:7)
      at Function.listen (M:\jagya-contruction\jagya_const\backend\node_modules\express\lib\application.js:635:24)
      at Object.<anonymous> (M:\jagya-contruction\jagya_const\backend\app.js:65:5)
      at Module._compile (node:internal/modules/cjs/loader:1565:14)
      at Object..js (node:internal/modules/cjs/loader:1708:10)
      at Module.load (node:internal/modules/cjs/loader:1318:32)
      at Function._load (node:internal/modules/cjs/loader:1128:12)
      at TracingChannel.traceSync (node:diagnostics_channel:322:14) {
    code: 'EADDRINUSE',
    errno: -4091,
    syscall: 'listen',
    address: '::',
    port: 3500
  },
  exception: true,
  date: 'Sat Jul 12 2025 12:36:14 GMT+0530 (India Standard Time)',
  process: {
    pid: 2292,
    uid: null,
    gid: null,
    cwd: 'M:\\jagya-contruction\\jagya_const\\backend',
    execPath: 'C:\\Program Files\\nodejs\\node.exe',
    version: 'v22.12.0',
    argv: [
      'C:\\Program Files\\nodejs\\node.exe',
      'M:\\jagya-contruction\\jagya_const\\backend\\app.js'
    ],
    memoryUsage: {
      rss: 111173632,
      heapTotal: 69660672,
      heapUsed: 51022176,
      external: 2358768,
      arrayBuffers: 21664
    }
  },
  os: { loadavg: [ 0, 0, 0 ], uptime: 132099.734 },
  trace: [
    {
      column: 16,
      file: 'node:net',
      function: 'Server.setupListenHandle [as _listen2]',
      line: 1912,
      method: 'setupListenHandle [as _listen2]',
      native: false
    },
    {
      column: 12,
      file: 'node:net',
      function: 'listenInCluster',
      line: 1969,
      method: null,
      native: false
    },
    {
      column: 7,
      file: 'node:net',
      function: 'Server.listen',
      line: 2074,
      method: 'listen',
      native: false
    },
    {
      column: 24,
      file: 'M:\\jagya-contruction\\jagya_const\\backend\\node_modules\\express\\lib\\application.js',
      function: 'Function.listen',
      line: 635,
      method: 'listen',
      native: false
    },
    {
      column: 5,
      file: 'M:\\jagya-contruction\\jagya_const\\backend\\app.js',
      function: null,
      line: 65,
      method: null,
      native: false
    },
    {
      column: 14,
      file: 'node:internal/modules/cjs/loader',
      function: 'Module._compile',
      line: 1565,
      method: '_compile',
      native: false
    },
    {
      column: 10,
      file: 'node:internal/modules/cjs/loader',
      function: 'Object..js',
      line: 1708,
      method: '.js',
      native: false
    },
    {
      column: 32,
      file: 'node:internal/modules/cjs/loader',
      function: 'Module.load',
      line: 1318,
      method: 'load',
      native: false
    },
    {
      column: 12,
      file: 'node:internal/modules/cjs/loader',
      function: 'Function._load',
      line: 1128,
      method: '_load',
      native: false
    },
    {
      column: 14,
      file: 'node:diagnostics_channel',
      function: 'TracingChannel.traceSync',
      line: 322,
      method: 'traceSync',
      native: false
    }
  ],
  [Symbol(level)]: 'error'
}
2025-08-13 18:31:38 [ERROR] uncaughtException: Access denied for user 'root'@'localhost' (using password: NO)
Error: Access denied for user 'root'@'localhost' (using password: NO)
    at Packet.asError (Z:\Visual_Codes\jagya_const\backend\node_modules\mysql2\lib\packets\packet.js:740:17)
    at ClientHandshake.execute (Z:\Visual_Codes\jagya_const\backend\node_modules\mysql2\lib\commands\command.js:29:26)
    at PoolConnection.handlePacket (Z:\Visual_Codes\jagya_const\backend\node_modules\mysql2\lib\base\connection.js:475:34)
    at PacketParser.onPacket (Z:\Visual_Codes\jagya_const\backend\node_modules\mysql2\lib\base\connection.js:93:12)
    at PacketParser.executeStart (Z:\Visual_Codes\jagya_const\backend\node_modules\mysql2\lib\packet_parser.js:75:16)
    at Socket.<anonymous> (Z:\Visual_Codes\jagya_const\backend\node_modules\mysql2\lib\base\connection.js:100:25)
    at Socket.emit (node:events:518:28)
    at addChunk (node:internal/streams/readable:561:12)
    at readableAddChunkPushByteMode (node:internal/streams/readable:512:3)
    at Readable.push (node:internal/streams/readable:392:5)
Error: Access denied for user 'root'@'localhost' (using password: NO)
    at Packet.asError (Z:\Visual_Codes\jagya_const\backend\node_modules\mysql2\lib\packets\packet.js:740:17)
    at ClientHandshake.execute (Z:\Visual_Codes\jagya_const\backend\node_modules\mysql2\lib\commands\command.js:29:26)
    at PoolConnection.handlePacket (Z:\Visual_Codes\jagya_const\backend\node_modules\mysql2\lib\base\connection.js:475:34)
    at PacketParser.onPacket (Z:\Visual_Codes\jagya_const\backend\node_modules\mysql2\lib\base\connection.js:93:12)
    at PacketParser.executeStart (Z:\Visual_Codes\jagya_const\backend\node_modules\mysql2\lib\packet_parser.js:75:16)
    at Socket.<anonymous> (Z:\Visual_Codes\jagya_const\backend\node_modules\mysql2\lib\base\connection.js:100:25)
    at Socket.emit (node:events:518:28)
    at addChunk (node:internal/streams/readable:561:12)
    at readableAddChunkPushByteMode (node:internal/streams/readable:512:3)
    at Readable.push (node:internal/streams/readable:392:5)
{
  error: Error: Access denied for user 'root'@'localhost' (using password: NO)
      at Packet.asError (Z:\Visual_Codes\jagya_const\backend\node_modules\mysql2\lib\packets\packet.js:740:17)
      at ClientHandshake.execute (Z:\Visual_Codes\jagya_const\backend\node_modules\mysql2\lib\commands\command.js:29:26)
      at PoolConnection.handlePacket (Z:\Visual_Codes\jagya_const\backend\node_modules\mysql2\lib\base\connection.js:475:34)
      at PacketParser.onPacket (Z:\Visual_Codes\jagya_const\backend\node_modules\mysql2\lib\base\connection.js:93:12)
      at PacketParser.executeStart (Z:\Visual_Codes\jagya_const\backend\node_modules\mysql2\lib\packet_parser.js:75:16)
      at Socket.<anonymous> (Z:\Visual_Codes\jagya_const\backend\node_modules\mysql2\lib\base\connection.js:100:25)
      at Socket.emit (node:events:518:28)
      at addChunk (node:internal/streams/readable:561:12)
      at readableAddChunkPushByteMode (node:internal/streams/readable:512:3)
      at Readable.push (node:internal/streams/readable:392:5) {
    code: 'ER_ACCESS_DENIED_ERROR',
    errno: 1045,
    sqlState: '28000',
    sqlMessage: "Access denied for user 'root'@'localhost' (using password: NO)",
    sql: undefined
  },
  exception: true,
  date: 'Wed Aug 13 2025 18:31:38 GMT+0530 (India Standard Time)',
  process: {
    pid: 7812,
    uid: null,
    gid: null,
    cwd: 'Z:\\Visual_Codes\\jagya_const\\backend',
    execPath: 'C:\\Program Files\\nodejs\\node.exe',
    version: 'v22.11.0',
    argv: [
      'C:\\Program Files\\nodejs\\node.exe',
      'Z:\\Visual_Codes\\jagya_const\\backend\\app.js'
    ],
    memoryUsage: {
      rss: 112287744,
      heapTotal: 72237056,
      heapUsed: 41415896,
      external: 2346567,
      arrayBuffers: 29467
    }
  },
  os: { loadavg: [ 0, 0, 0 ], uptime: 877987.531 },
  trace: [
    {
      column: 17,
      file: 'Z:\\Visual_Codes\\jagya_const\\backend\\node_modules\\mysql2\\lib\\packets\\packet.js',
      function: 'Packet.asError',
      line: 740,
      method: 'asError',
      native: false
    },
    {
      column: 26,
      file: 'Z:\\Visual_Codes\\jagya_const\\backend\\node_modules\\mysql2\\lib\\commands\\command.js',
      function: 'ClientHandshake.execute',
      line: 29,
      method: 'execute',
      native: false
    },
    {
      column: 34,
      file: 'Z:\\Visual_Codes\\jagya_const\\backend\\node_modules\\mysql2\\lib\\base\\connection.js',
      function: 'PoolConnection.handlePacket',
      line: 475,
      method: 'handlePacket',
      native: false
    },
    {
      column: 12,
      file: 'Z:\\Visual_Codes\\jagya_const\\backend\\node_modules\\mysql2\\lib\\base\\connection.js',
      function: 'PacketParser.onPacket',
      line: 93,
      method: 'onPacket',
      native: false
    },
    {
      column: 16,
      file: 'Z:\\Visual_Codes\\jagya_const\\backend\\node_modules\\mysql2\\lib\\packet_parser.js',
      function: 'PacketParser.executeStart',
      line: 75,
      method: 'executeStart',
      native: false
    },
    {
      column: 25,
      file: 'Z:\\Visual_Codes\\jagya_const\\backend\\node_modules\\mysql2\\lib\\base\\connection.js',
      function: null,
      line: 100,
      method: null,
      native: false
    },
    {
      column: 28,
      file: 'node:events',
      function: 'Socket.emit',
      line: 518,
      method: 'emit',
      native: false
    },
    {
      column: 12,
      file: 'node:internal/streams/readable',
      function: 'addChunk',
      line: 561,
      method: null,
      native: false
    },
    {
      column: 3,
      file: 'node:internal/streams/readable',
      function: 'readableAddChunkPushByteMode',
      line: 512,
      method: null,
      native: false
    },
    {
      column: 5,
      file: 'node:internal/streams/readable',
      function: 'Readable.push',
      line: 392,
      method: 'push',
      native: false
    }
  ],
  [Symbol(level)]: 'error'
}
